id,feat1,feat2,feat3,feat4,feat5,feat6,feat7,feat8,feat9,feat10,label
0,0.9612,0.0116,0.0527,0.0213,0.2258,0.8223,0.8223,0.6024,0.615,0.5415,1
1,0.9813,0.3532,0.1785,0.0615,0.7576,0.847,0.3418,0.4487,0.0012,0.4986,1
2,0.6002,0.9796,0.1375,0.5097,0.676,0.8326,0.6533,0.5628,0.0344,0.9737,1
3,0.4832,0.2885,0.5955,0.8879,0.3265,0.0121,0.6317,0.0469,0.557,0.4323,1
4,0.4397,0.9795,0.3988,0.1172,0.4306,0.6943,0.3794,0.8169,0.5467,0.8427,0
5,0.8829,0.7869,0.3566,0.9655,0.0482,0.8545,0.833,0.4915,0.0516,0.9862,0
6,0.1718,0.8339,0.8621,0.5446,0.2704,0.3223,0.8561,0.4674,0.3157,0.1833,0
7,0.3277,0.4723,0.268,0.0686,0.9728,0.4939,0.3107,0.1556,0.0724,0.5335,1
8,0.8758,0.292,0.203,0.7382,0.7945,0.7811,0.7171,0.9529,0.6845,0.3583,1
9,0.8877,0.3966,0.0447,0.1381,0.747,0.676,0.7531,0.5832,0.2726,0.4798,0
10,0.3981,0.9278,0.4423,0.7458,0.1401,0.7844,0.3291,0.7946,0.2386,0.0322,0
11,0.0555,0.2006,0.2381,0.531,0.2272,0.5783,0.6386,0.2081,0.0668,0.6205,0
12,0.3169,0.2142,0.027,0.0975,0.1028,0.4807,0.5974,0.4116,0.0289,0.9117,1
13,0.6044,0.2008,0.6304,0.8602,0.1625,0.9445,0.7537,0.2704,0.9338,0.9442,1
14,0.2563,0.6486,0.1014,0.679,0.3476,0.8256,0.86,0.4683,0.1026,0.1412,0
15,0.5326,0.6424,0.3175,0.4986,0.0812,0.0174,0.1147,0.1628,0.9112,0.9913,0
16,0.9914,0.035,0.1589,0.8778,0.2189,0.1665,0.3132,0.3218,0.9623,0.7842,0
17,0.7773,0.4402,0.7031,0.725,0.0799,0.3756,0.1748,0.3867,0.0302,0.129,1
18,0.5799,0.3365,0.6631,0.0637,0.2276,0.7949,0.0099,0.65,0.4968,0.1929,0
19,0.3814,0.8591,0.0742,0.2578,0.6175,0.3455,0.2497,0.894,0.568,0.8461,0
20,0.3403,0.2249,0.9914,0.6589,0.0946,0.5724,0.1948,0.5286,0.8246,0.816,1
21,0.8145,0.0785,0.0083,0.5368,0.5148,0.3367,0.6437,0.3402,0.8976,0.5796,1
22,0.96,0.3723,0.5479,0.7274,0.9626,0.6701,0.7919,0.9545,0.3693,0.2252,1
23,0.6393,0.7796,0.4952,0.7371,0.6471,0.339,0.4982,0.4506,0.1898,0.7175,0
24,0.6755,0.1532,0.7821,0.7406,0.7953,0.4811,0.2888,0.2605,0.9458,0.8444,1
25,0.6399,0.7036,0.177,0.7601,0.3587,0.5165,0.4085,0.7254,0.9911,0.5866,1
26,0.7383,0.3238,0.7835,0.1889,0.4974,0.0531,0.0585,0.0466,0.1046,0.156,0
27,0.7827,0.5293,0.3898,0.6523,0.4855,0.6348,0.9071,0.1364,0.1216,0.6263,1
28,0.4986,0.8071,0.971,0.4919,0.681,0.1615,0.7564,0.4305,0.1002,0.8806,0
29,0.254,0.52,0.7842,0.225,0.8253,0.5231,0.191,0.7749,0.1067,0.4435,0
30,0.7967,0.4446,0.4343,0.0201,0.6801,0.0687,0.4281,0.5627,0.0162,0.2909,1
31,0.4948,0.4162,0.6758,0.7088,0.769,0.0385,0.4823,0.8423,0.8199,0.8698,0
32,0.5641,0.6003,0.9884,0.4694,0.0443,0.6879,0.3023,0.6448,0.0706,0.9367,1
33,0.031,0.3735,0.9339,0.4105,0.4222,0.6064,0.2506,0.9322,0.7996,0.9699,0
34,0.9379,0.0493,0.2771,0.8553,0.1784,0.2353,0.5699,0.6882,0.0826,0.8997,1
35,0.825,0.0645,0.1277,0.3904,0.0698,0.2972,0.2482,0.5322,0.0815,0.5471,0
36,0.7141,0.2314,0.9459,0.223,0.7759,0.7262,0.0438,0.3781,0.2325,0.809,1
37,0.3513,0.4267,0.8644,0.5911,0.3993,0.7124,0.8208,0.9202,0.8872,0.852,1
38,0.1393,0.5227,0.1372,0.1746,0.3821,0.6548,0.0539,0.5648,0.8201,0.4789,1
39,0.3761,0.0656,0.1951,0.6643,0.2521,0.0478,0.4447,0.7715,0.5063,0.1882,1
40,0.3904,0.612,0.1787,0.513,0.8273,0.2886,0.6306,0.9487,0.8443,0.9329,0
41,0.9117,0.5438,0.0365,0.9601,0.24,0.8563,0.9086,0.7791,0.8437,0.6635,0
42,0.1813,0.7806,0.7591,0.8528,0.8404,0.8069,0.3899,0.0241,0.8882,0.589,0
43,0.5315,0.0022,0.8394,0.8917,0.8572,0.4575,0.1427,0.9338,0.3542,0.7755,0
44,0.8761,0.8336,0.2925,0.3136,0.1682,0.6383,0.7104,0.4196,0.6027,0.1251,0
45,0.5849,0.7796,0.1737,0.728,0.6108,0.5617,0.6166,0.3572,0.2597,0.5953,1
46,0.8425,0.3593,0.3245,0.8184,0.624,0.9636,0.9494,0.1384,0.0044,0.6525,1
47,0.4216,0.3764,0.3902,0.2927,0.9234,0.6492,0.8246,0.5759,0.4037,0.5954,0
48,0.4728,0.7499,0.5573,0.7272,0.8464,0.7367,0.5912,0.9855,0.7534,0.5789,0
49,0.142,0.7413,0.6904,0.2438,0.5707,0.3411,0.098,0.5448,0.6387,0.4617,1
50,0.0804,0.325,0.876,0.3104,0.449,0.3646,0.6752,0.356,0.4654,0.6165,0
51,0.5697,0.4041,0.9926,0.1411,0.9199,0.0515,0.5971,0.6589,0.4596,0.5837,0
52,0.8978,0.5352,0.5149,0.6816,0.1751,0.3632,0.0603,0.4766,0.254,0.119,0
53,0.9348,0.567,0.9826,0.0779,0.7959,0.2376,0.6812,0.6346,0.9659,0.1607,0
54,0.1625,0.794,0.0528,0.4849,0.7312,0.1817,0.6213,0.466,0.663,0.0833,1
55,0.5201,0.1435,0.6116,0.3817,0.4511,0.2126,0.3992,0.4339,0.2987,0.3445,0
56,0.3044,0.4119,0.4211,0.8638,0.1058,0.1366,0.7608,0.1065,0.7821,0.8076,0
57,0.8012,0.3491,0.9178,0.8343,0.6661,0.7343,0.003,0.9334,0.7637,0.3593,1
58,0.0117,0.8782,0.4981,0.8886,0.5911,0.6996,0.9563,0.8761,0.4242,0.4911,1
59,0.0572,0.2399,0.817,0.2524,0.1551,0.191,0.7168,0.8319,0.0975,0.7113,0
60,0.8145,0.0766,0.3211,0.8017,0.8076,0.6773,0.7213,0.7565,0.4637,0.531,0
61,0.9562,0.9226,0.2049,0.1629,0.0858,0.4514,0.8425,0.2647,0.5973,0.4528,1
62,0.7579,0.1044,0.5261,0.1926,0.5873,0.6186,0.8429,0.0256,0.1951,0.4231,1
63,0.7577,0.2948,0.4099,0.4885,0.4922,0.7391,0.9191,0.7207,0.9502,0.4708,1
64,0.0222,0.008,0.5388,0.8177,0.4344,0.2764,0.5555,0.6215,0.0878,0.9947,1
65,0.2023,0.9705,0.4303,0.4022,0.3796,0.8714,0.485,0.7309,0.0205,0.7973,1
66,0.8696,0.9936,0.2114,0.581,0.7098,0.3076,0.4989,0.8449,0.9899,0.2791,1
67,0.6023,0.0112,0.5939,0.4426,0.2462,0.4402,0.0839,0.6016,0.1618,0.5648,1
68,0.6377,0.7613,0.037,0.7027,0.1339,0.7399,0.3895,0.7517,0.2376,0.5165,1
69,0.438,0.593,0.7711,0.5619,0.1027,0.7766,0.1508,0.7133,0.0307,0.0057,1
70,0.6792,0.7914,0.7872,0.2121,0.8316,0.4146,0.3163,0.7376,0.2825,0.0591,1
71,0.9876,0.3211,0.207,0.5769,0.2121,0.51,0.3369,0.5107,0.9487,0.3091,1
72,0.7906,0.5772,0.4375,0.2658,0.5368,0.2361,0.3982,0.1829,0.9776,0.8537,1
73,0.6138,0.4816,0.1513,0.0697,0.3255,0.8454,0.7837,0.7414,0.9819,0.4979,1
74,0.6618,0.7131,0.0321,0.3309,0.735,0.3984,0.7255,0.4506,0.4691,0.8244,0
75,0.6122,0.3849,0.2115,0.5258,0.9907,0.2718,0.8974,0.5363,0.85,0.0636,1
76,0.8913,0.5742,0.3891,0.9774,0.2954,0.0051,0.9549,0.0787,0.2637,0.3398,0
77,0.0722,0.8449,0.4723,0.422,0.3798,0.1441,0.5189,0.1248,0.7886,0.4783,0
78,0.1445,0.0268,0.8551,0.0426,0.1444,0.7316,0.5262,0.1087,0.2435,0.3029,0
79,0.8046,0.2058,0.0515,0.7193,0.6757,0.1519,0.9092,0.9236,0.1647,0.2799,0
80,0.2208,0.2196,0.9879,0.7855,0.8006,0.3132,0.9868,0.8171,0.2783,0.5813,1
81,0.5463,0.0211,0.7994,0.3727,0.2335,0.3432,0.2305,0.5733,0.5949,0.6811,1
82,0.6436,0.0166,0.7952,0.278,0.544,0.5652,0.7924,0.8299,0.4143,0.1848,1
83,0.0127,0.0799,0.3029,0.655,0.7164,0.7148,0.8045,0.9236,0.8844,0.7674,0
84,0.5288,0.8122,0.9485,0.9327,0.336,0.2318,0.0683,0.8156,0.485,0.5273,1
85,0.5899,0.1003,0.8925,0.9943,0.9365,0.2845,0.7376,0.8355,0.1224,0.0131,0
86,0.8547,0.0621,0.7875,0.9248,0.5598,0.1697,0.8054,0.4826,0.114,0.2426,1
87,0.264,0.8201,0.1889,0.871,0.0758,0.6064,0.4903,0.8089,0.4241,0.9038,1
88,0.885,0.8815,0.877,0.8168,0.8125,0.751,0.7534,0.7998,0.9644,0.4737,0
89,0.5973,0.6867,0.2949,0.6451,0.4589,0.4032,0.902,0.6814,0.1574,0.0921,0
90,0.8273,0.4542,0.8347,0.8028,0.1775,0.1764,0.6482,0.3771,0.6597,0.8138,1
91,0.2588,0.9915,0.5331,0.7308,0.2953,0.191,0.6763,0.5134,0.2871,0.7911,0
92,0.6435,0.4438,0.1018,0.0626,0.484,0.1291,0.7755,0.8079,0.3118,0.5781,0
93,0.2289,0.6686,0.1854,0.8758,0.1257,0.4207,0.5857,0.6735,0.5918,0.9446,0
94,0.5112,0.6261,0.8397,0.3266,0.4652,0.7701,0.104,0.8452,0.4029,0.8132,1
95,0.1736,0.8423,0.5891,0.3036,0.315,0.9151,0.1321,0.2017,0.1966,0.3591,1
96,0.2889,0.2174,0.8718,0.616,0.3913,0.3118,0.6648,0.5116,0.3305,0.5208,0
97,0.3873,0.4104,0.0032,0.9132,0.1502,0.2511,0.9829,0.1102,0.4191,0.9231,0
98,0.944,0.8462,0.7681,0.1394,0.6743,0.6975,0.5726,0.6192,0.3041,0.8956,0
99,0.7088,0.5221,0.412,0.9934,0.3235,0.6599,0.9494,0.9969,0.0675,0.5721,1
100,0.1158,0.2737,0.9761,0.4321,0.4736,0.848,0.4755,0.5119,0.4339,0.6887,0
101,0.5212,0.5204,0.3629,0.3299,0.4487,0.3448,0.3841,0.6715,0.7596,0.3042,0
102,0.204,0.5375,0.3837,0.3021,0.3807,0.924,0.0879,0.4029,0.1676,0.0328,0
103,0.6441,0.0618,0.0054,0.19,0.4271,0.4524,0.1536,0.6655,0.7904,0.3094,1
104,0.7758,0.8922,0.7234,0.8074,0.6134,0.1862,0.0586,0.715,0.0407,0.0644,1
105,0.1479,0.4274,0.1946,0.6676,0.6027,0.2471,0.1639,0.9158,0.8346,0.273,0
106,0.1015,0.4908,0.2473,0.4536,0.6722,0.7128,0.2216,0.4424,0.7035,0.3786,1
107,0.4408,0.927,0.0442,0.5605,0.6913,0.2399,0.3087,0.8908,0.3637,0.0888,1
108,0.0982,0.7791,0.8217,0.1803,0.0551,0.5174,0.8539,0.0746,0.5354,0.2009,1
109,0.018,0.5993,0.6303,0.6043,0.6475,0.886,0.9864,0.0272,0.4791,0.5389,1
110,0.6312,0.2814,0.2617,0.1922,0.8558,0.094,0.7913,0.8807,0.2696,0.1434,0
111,0.4943,0.7695,0.2869,0.6398,0.0464,0.9947,0.3645,0.6867,0.2089,0.0497,0
112,0.6428,0.7661,0.8504,0.6515,0.6004,0.2615,0.4111,0.8606,0.4422,0.3107,0
113,0.4801,0.2565,0.4826,0.5628,0.1911,0.8138,0.5193,0.8265,0.1353,0.9822,0
114,0.9992,0.4999,0.3285,0.7278,0.8611,0.0839,0.332,0.3891,0.2948,0.2418,1
115,0.6531,0.6786,0.1769,0.6529,0.4295,0.3815,0.3053,0.4305,0.0167,0.9517,1
116,0.4002,0.1393,0.6806,0.2775,0.0362,0.2123,0.6629,0.4187,0.6399,0.5845,1
117,0.8639,0.7175,0.3752,0.4926,0.5645,0.0277,0.8213,0.5647,0.1054,0.4281,0
118,0.6374,0.789,0.3003,0.3949,0.4003,0.7698,0.0731,0.6392,0.7014,0.3086,0
119,0.3237,0.7117,0.9761,0.9769,0.6532,0.7534,0.2252,0.8571,0.0706,0.9223,0
120,0.7994,0.2253,0.2614,0.7178,0.5283,0.4941,0.3963,0.2918,0.7589,0.4353,1
121,0.5426,0.3988,0.3583,0.7352,0.413,0.881,0.5304,0.4364,0.6284,0.094,1
122,0.2868,0.8421,0.9985,0.6616,0.3801,0.9935,0.5502,0.315,0.306,0.2977,1
123,0.1245,0.7106,0.671,0.2981,0.5292,0.5772,0.4578,0.343,0.8798,0.2227,0
124,0.286,0.0427,0.4804,0.3023,0.279,0.3031,0.7306,0.1978,0.8883,0.5375,1
125,0.5626,0.9028,0.4144,0.2478,0.6138,0.882,0.3022,0.6223,0.1729,0.6383,0
126,0.3063,0.8847,0.1625,0.1676,0.1407,0.3031,0.2817,0.8253,0.742,0.6675,1
127,0.5708,0.067,0.7327,0.8515,0.9383,0.8327,0.4784,0.6748,0.8405,0.3595,1
128,0.4504,0.6702,0.0253,0.0023,0.0197,0.0498,0.8774,0.2276,0.1363,0.1817,1
129,0.9828,0.2662,0.1474,0.0717,0.2235,0.4649,0.7606,0.8367,0.4488,0.1425,1
130,0.7745,0.6882,0.5466,0.1674,0.9534,0.1077,0.4885,0.2813,0.7166,0.2551,0
131,0.4638,0.3956,0.0622,0.5856,0.8539,0.385,0.1794,0.9517,0.3779,0.7047,1
132,0.1967,0.3745,0.3755,0.9753,0.3895,0.0753,0.3464,0.8296,0.8943,0.1286,0
133,0.4925,0.5686,0.8456,0.1706,0.0104,0.7722,0.0156,0.0618,0.8025,0.722,0
134,0.6983,0.7709,0.0583,0.312,0.2247,0.0655,0.8941,0.4285,0.992,0.3248,0
135,0.0008,0.9687,0.7352,0.6362,0.7031,0.049,0.6676,0.6369,0.821,0.8602,0
136,0.4257,0.5624,0.61,0.4587,0.2237,0.147,0.0981,0.8939,0.05,0.7827,0
137,0.9724,0.8114,0.909,0.2455,0.291,0.8263,0.8694,0.7324,0.6865,0.5106,1
138,0.1032,0.6793,0.0205,0.6812,0.26,0.0245,0.3807,0.1487,0.5822,0.5804,0
139,0.4978,0.9476,0.0078,0.1157,0.6495,0.8002,0.7468,0.2641,0.1082,0.398,1
140,0.8057,0.6136,0.9598,0.7829,0.3226,0.1424,0.5518,0.6794,0.1989,0.4342,0
141,0.6397,0.8121,0.0734,0.8046,0.964,0.7579,0.072,0.2886,0.2435,0.7802,0
142,0.1276,0.4876,0.8417,0.6949,0.323,0.9265,0.455,0.2863,0.0462,0.6424,1
143,0.5725,0.32,0.6668,0.6424,0.7606,0.517,0.8376,0.0154,0.9245,0.4354,0
144,0.3497,0.8751,0.818,0.9281,0.1118,0.1047,0.9649,0.2001,0.2199,0.8456,1
145,0.4638,0.519,0.9825,0.0564,0.9526,0.0269,0.3916,0.3438,0.4733,0.7299,0
146,0.6379,0.1346,0.9701,0.7058,0.9206,0.3996,0.906,0.3004,0.7983,0.0136,1
147,0.6338,0.6351,0.4078,0.7774,0.6128,0.1671,0.0544,0.0084,0.8725,0.4787,1
148,0.3702,0.8957,0.6196,0.9216,0.4412,0.6994,0.7513,0.6175,0.5638,0.6021,0
149,0.2585,0.6834,0.0784,0.1552,0.7475,0.8883,0.074,0.024,0.1457,0.0253,1
150,0.3038,0.4998,0.6817,0.1721,0.8386,0.0818,0.4872,0.1801,0.3761,0.1963,0
151,0.4336,0.5427,0.9591,0.6965,0.1154,0.2788,0.2258,0.702,0.0692,0.7615,0
152,0.2645,0.9805,0.4102,0.3812,0.3931,0.3168,0.9009,0.7712,0.9646,0.3267,0
153,0.8561,0.9978,0.2343,0.5476,0.665,0.5627,0.0527,0.7869,0.719,0.2759,1
154,0.4749,0.3,0.6968,0.9745,0.8149,0.9462,0.4381,0.335,0.3256,0.6299,1
155,0.2624,0.3084,0.1029,0.2589,0.3854,0.2145,0.9267,0.3271,0.6381,0.761,0
156,0.1438,0.04,0.4853,0.9811,0.4371,0.7624,0.5668,0.9133,0.9004,0.7518,1
157,0.5032,0.2189,0.0872,0.5114,0.5746,0.448,0.8288,0.2265,0.1518,0.1199,0
158,0.3622,0.4312,0.3459,0.7311,0.1066,0.4049,0.6641,0.4964,0.6432,0.5366,1
159,0.2756,0.3193,0.7,0.8667,0.7883,0.6034,0.8952,0.0285,0.124,0.5062,1
160,0.0401,0.5229,0.3608,0.2171,0.2847,0.1972,0.199,0.6628,0.5172,0.5719,0
161,0.1381,0.1576,0.0929,0.6057,0.6626,0.0917,0.1594,0.1278,0.0042,0.4264,1
162,0.4828,0.9272,0.5483,0.2063,0.9833,0.6774,0.5378,0.9484,0.1834,0.999,1
163,0.3448,0.9104,0.9358,0.9792,0.9218,0.935,0.9251,0.2931,0.3595,0.3282,0
164,0.1109,0.9156,0.7971,0.1748,0.0142,0.1651,0.8,0.0854,0.6236,0.9291,1
165,0.9907,0.695,0.4387,0.5554,0.7054,0.8367,0.1696,0.1549,0.7353,0.6323,1
166,0.91,0.2477,0.9202,0.9734,0.7576,0.3564,0.4734,0.4378,0.0751,0.0833,1
167,0.9195,0.2582,0.9823,0.1352,0.0204,0.381,0.4345,0.0945,0.9127,0.1382,0
168,0.4516,0.8797,0.9646,0.5528,0.5342,0.7161,0.024,0.834,0.2979,0.8617,1
169,0.5222,0.5663,0.9608,0.4451,0.3856,0.159,0.3251,0.5313,0.513,0.9265,0
170,0.0292,0.2811,0.8126,0.3477,0.2706,0.9974,0.9891,0.8699,0.5288,0.0432,0
171,0.6254,0.0836,0.1241,0.1374,0.7367,0.7854,0.71,0.1405,0.6798,0.3043,0
172,0.8279,0.2243,0.0555,0.5775,0.7988,0.5954,0.8739,0.4467,0.6987,0.6055,0
173,0.0379,0.7987,0.646,0.9957,0.1408,0.1499,0.7651,0.7164,0.1852,0.6996,0
174,0.3437,0.5416,0.35,0.3404,0.5497,0.7817,0.1373,0.99,0.461,0.9375,1
175,0.9425,0.2898,0.5409,0.345,0.0258,0.3408,0.8043,0.3461,0.047,0.8733,0
176,0.1527,0.0297,0.7733,0.7117,0.266,0.8675,0.6104,0.5411,0.8998,0.2704,0
177,0.7329,0.0957,0.4072,0.1201,0.7859,0.5276,0.1335,0.1264,0.1422,0.5836,0
178,0.0299,0.0487,0.4882,0.9152,0.1226,0.5511,0.7117,0.0216,0.5589,0.2164,1
179,0.9943,0.1583,0.5837,0.0742,0.3837,0.4228,0.8233,0.3499,0.9803,0.997,1
180,0.3254,0.0339,0.5453,0.1528,0.5428,0.8335,0.7258,0.7704,0.614,0.9574,1
181,0.4423,0.2688,0.4463,0.1011,0.3847,0.1342,0.5475,0.8559,0.4976,0.3411,0
182,0.5135,0.0094,0.5681,0.5744,0.6262,0.8262,0.9661,0.9803,0.6359,0.3993,1
183,0.5058,0.0659,0.1905,0.7635,0.9125,0.0982,0.0323,0.5814,0.0459,0.3164,0
184,0.143,0.9665,0.9226,0.8176,0.1004,0.4496,0.6316,0.9636,0.9409,0.6646,0
185,0.4045,0.5587,0.0678,0.7632,0.5097,0.8044,0.4864,0.9473,0.2838,0.3608,0
186,0.1317,0.8924,0.5278,0.1832,0.406,0.5601,0.1991,0.7823,0.9591,0.6591,0
187,0.8846,0.1815,0.8216,0.7105,0.5159,0.91,0.3368,0.333,0.753,0.7187,1
188,0.388,0.7577,0.1713,0.4186,0.9433,0.0897,0.0823,0.4354,0.9808,0.6986,1
189,0.0207,0.6407,0.9847,0.0242,0.2114,0.4791,0.6732,0.1442,0.9291,0.5376,1
190,0.7843,0.5266,0.1799,0.3719,0.1976,0.306,0.0367,0.2151,0.1403,0.1682,1
191,0.9863,0.5798,0.0539,0.929,0.1043,0.765,0.9777,0.9698,0.1113,0.3818,1
192,0.0628,0.2697,0.3794,0.7148,0.1755,0.3158,0.6476,0.1323,0.2941,0.7179,1
193,0.2055,0.1821,0.763,0.391,0.4472,0.2777,0.8129,0.4086,0.5446,0.2085,0
194,0.9226,0.5849,0.8633,0.6722,0.4157,0.2409,0.9126,0.877,0.0848,0.3389,0
195,0.9237,0.1832,0.5618,0.4121,0.9408,0.3143,0.6159,0.9563,0.5714,0.0784,0
196,0.2562,0.4752,0.5903,0.8653,0.4254,0.2575,0.0271,0.7733,0.9466,0.5293,0
197,0.6761,0.1002,0.0556,0.893,0.7708,0.6428,0.4412,0.9521,0.2167,0.8143,1
198,0.3602,0.8778,0.14,0.4735,0.861,0.8894,0.329,0.589,0.0873,0.3965,0
199,0.0159,0.8702,0.2526,0.08,0.8217,0.4486,0.7142,0.0816,0.2755,0.0452,0
200,0.5858,0.1877,0.8805,0.3797,0.645,0.0451,0.8308,0.0565,0.5677,0.6379,1
201,0.9363,0.9791,0.5775,0.7767,0.9416,0.7782,0.2733,0.7616,0.1298,0.4023,0
202,0.9074,0.2076,0.8454,0.108,0.1676,0.2,0.5001,0.0266,0.8914,0.3976,1
203,0.9706,0.3808,0.7902,0.5671,0.0176,0.5328,0.7955,0.7035,0.5169,0.3165,0
204,0.9131,0.622,0.8438,0.7089,0.2622,0.4268,0.4682,0.4586,0.4072,0.9837,1
205,0.4112,0.2738,0.6413,0.7834,0.8169,0.9383,0.8771,0.0677,0.0712,0.4629,0
206,0.3675,0.763,0.4328,0.3434,0.2004,0.6927,0.9282,0.3621,0.6684,0.6089,0
207,0.1595,0.5591,0.7823,0.2851,0.5326,0.2666,0.6092,0.5562,0.7512,0.3958,0
208,0.7402,0.2827,0.7639,0.4645,0.8887,0.4093,0.4992,0.2345,0.9074,0.2097,1
209,0.3804,0.7814,0.3028,0.2836,0.5212,0.9615,0.3149,0.2209,0.5583,0.6864,1
210,0.2426,0.5171,0.4867,0.3241,0.6358,0.678,0.6551,0.1111,0.4193,0.1319,1
211,0.4144,0.9037,0.4121,0.2607,0.8863,0.154,0.4004,0.7517,0.7573,0.8571,1
212,0.761,0.8286,0.0136,0.9234,0.6299,0.3897,0.7209,0.3038,0.8823,0.8317,0
213,0.2122,0.7719,0.7289,0.6669,0.4139,0.5104,0.5084,0.2078,0.6948,0.4919,1
214,0.6505,0.2193,0.3815,0.9344,0.5235,0.7342,0.2924,0.7162,0.4883,0.59,0
215,0.3311,0.4607,0.3301,0.2306,0.0219,0.6495,0.3446,0.3426,0.8217,0.3292,1
216,0.4715,0.6262,0.9569,0.0943,0.8608,0.9438,0.6298,0.0015,0.6585,0.0071,1
217,0.6102,0.8469,0.0851,0.8869,0.821,0.4191,0.9618,0.5126,0.4587,0.5161,0
218,0.4837,0.3328,0.8981,0.0919,0.8572,0.0917,0.2459,0.7219,0.9572,0.4568,1
219,0.5126,0.6427,0.4162,0.6206,0.9947,0.2856,0.318,0.3065,0.187,0.553,1
220,0.6012,0.4714,0.5984,0.9505,0.7109,0.4081,0.3615,0.9029,0.5385,0.2415,0
221,0.2179,0.8006,0.3391,0.8892,0.0963,0.9611,0.6939,0.3746,0.5155,0.7075,1
222,0.2922,0.5115,0.0712,0.5414,0.1166,0.2196,0.8508,0.0057,0.3402,0.7245,0
223,0.343,0.0628,0.8953,0.3466,0.2755,0.2621,0.0324,0.3878,0.4031,0.6876,1
224,0.5018,0.5078,0.8964,0.7623,0.9115,0.2365,0.13,0.0642,0.1484,0.8083,0
225,0.8519,0.4533,0.8914,0.5237,0.7623,0.0667,0.3632,0.9299,0.7307,0.7364,0
226,0.8454,0.8189,0.7416,0.5656,0.32,0.4465,0.0216,0.9948,0.8553,0.9768,0
227,0.9025,0.4162,0.6978,0.187,0.6817,0.4284,0.5187,0.4874,0.6593,0.852,0
228,0.7437,0.1458,0.0861,0.4446,0.6554,0.0184,0.66,0.9101,0.8981,0.2809,0
229,0.8817,0.505,0.459,0.8678,0.4793,0.473,0.7128,0.5059,0.3042,0.3137,1
230,0.0188,0.6034,0.5619,0.2934,0.679,0.3801,0.4973,0.3507,0.6068,0.0235,1
231,0.3193,0.2989,0.255,0.052,0.4882,0.1936,0.3092,0.468,0.0189,0.3065,1
232,0.5577,0.861,0.8255,0.5562,0.1578,0.7367,0.0752,0.4505,0.6411,0.5659,0
233,0.2798,0.239,0.7505,0.5364,0.0079,0.2447,0.0603,0.5887,0.4875,0.2844,0
234,0.1138,0.7543,0.2626,0.907,0.3239,0.3332,0.2449,0.8199,0.136,0.862,1
235,0.2164,0.8037,0.2393,0.8928,0.6904,0.5333,0.7278,0.6213,0.3017,0.371,0
236,0.5661,0.0753,0.8371,0.401,0.1098,0.3848,0.2112,0.3445,0.9963,0.3917,1
237,0.1528,0.9896,0.9874,0.7739,0.0552,0.941,0.1213,0.4449,0.3585,0.0207,0
238,0.5328,0.2948,0.5862,0.0534,0.4525,0.6905,0.1312,0.5825,0.7017,0.8504,1
239,0.8586,0.812,0.4249,0.1064,0.1555,0.2234,0.9485,0.1166,0.5638,0.1169,0
240,0.3171,0.0004,0.473,0.341,0.6943,0.698,0.1089,0.6366,0.106,0.9078,1
241,0.958,0.6627,0.183,0.46,0.938,0.9304,0.661,0.0258,0.8505,0.8322,0
242,0.8158,0.2028,0.5106,0.4181,0.6781,0.8636,0.9896,0.4823,0.2306,0.9426,0
243,0.9011,0.7291,0.1776,0.2727,0.2588,0.7639,0.482,0.9486,0.4256,0.9748,0
244,0.6705,0.5113,0.8032,0.3463,0.1222,0.123,0.7666,0.0288,0.4712,0.7749,0
245,0.1064,0.0131,0.059,0.1452,0.7271,0.6006,0.0894,0.9669,0.5753,0.8149,1
246,0.1739,0.9361,0.1634,0.0035,0.5582,0.8282,0.7604,0.2212,0.5896,0.1189,1
247,0.4631,0.8976,0.219,0.5363,0.659,0.0791,0.1666,0.3114,0.1621,0.8403,1
248,0.1595,0.7654,0.4441,0.8261,0.1124,0.4567,0.5418,0.8062,0.1277,0.7354,0
249,0.4859,0.3693,0.3427,0.5689,0.402,0.3706,0.7502,0.3178,0.8522,0.9527,1
250,0.9023,0.9982,0.3102,0.1443,0.8028,0.2842,0.0579,0.4253,0.8994,0.7622,0
251,0.6041,0.4732,0.9113,0.9032,0.5551,0.1344,0.5765,0.1403,0.2729,0.9978,0
252,0.9595,0.3029,0.4118,0.1255,0.3217,0.5535,0.9956,0.1189,0.31,0.7952,1
253,0.4697,0.0604,0.2217,0.0489,0.2711,0.4445,0.0753,0.0897,0.8699,0.7717,0
254,0.8591,0.7241,0.2631,0.3642,0.9454,0.6146,0.2751,0.3519,0.7634,0.9718,1
255,0.964,0.4072,0.0734,0.9734,0.4324,0.5203,0.543,0.3538,0.6921,0.8895,0
256,0.4763,0.9186,0.3202,0.8406,0.0705,0.7278,0.255,0.06,0.7231,0.0466,1
257,0.806,0.3646,0.4863,0.9411,0.9458,0.7697,0.7182,0.6118,0.8273,0.1556,0
258,0.128,0.2648,0.9497,0.138,0.1756,0.6635,0.2225,0.4139,0.6719,0.3775,0
259,0.6585,0.8774,0.6227,0.2296,0.9945,0.0378,0.6469,0.3227,0.5788,0.8826,1
260,0.096,0.8741,0.2111,0.2877,0.4595,0.0516,0.0076,0.1126,0.2279,0.0363,1
261,0.4128,0.9685,0.0698,0.3206,0.5538,0.238,0.6068,0.4038,0.1178,0.8463,0
262,0.7669,0.3117,0.7273,0.6485,0.9991,0.1424,0.9,0.9717,0.9286,0.7547,0
263,0.8535,0.6265,0.2324,0.9261,0.8181,0.7863,0.537,0.8868,0.7511,0.5709,1
264,0.1028,0.2668,0.8324,0.7813,0.493,0.7019,0.4958,0.7654,0.2897,0.9036,0
265,0.1565,0.2737,0.8065,0.939,0.0574,0.7683,0.1444,0.1699,0.2213,0.2175,0
266,0.1752,0.1657,0.6614,0.7205,0.7217,0.8085,0.4726,0.4972,0.2413,0.0799,0
267,0.5386,0.4428,0.6508,0.3193,0.9488,0.1402,0.9506,0.8068,0.9537,0.132,1
268,0.7862,0.6814,0.7792,0.7011,0.52,0.1162,0.1911,0.7434,0.4907,0.9941,0
269,0.1788,0.7798,0.3977,0.6463,0.996,0.914,0.8459,0.3529,0.5697,0.1305,0
270,0.7538,0.7324,0.2622,0.1448,0.4037,0.4667,0.0414,0.8235,0.0576,0.9852,0
271,0.2987,0.6167,0.4737,0.5916,0.3571,0.2376,0.0022,0.1022,0.1776,0.1927,0
272,0.5619,0.3661,0.7908,0.9541,0.6299,0.3347,0.0572,0.5002,0.396,0.9036,0
273,0.135,0.5366,0.2305,0.7583,0.5922,0.2267,0.8085,0.7405,0.554,0.2972,1
274,0.8369,0.7913,0.9873,0.0751,0.9444,0.3228,0.4486,0.3625,0.1372,0.056,0
275,0.1036,0.476,0.9099,0.8116,0.9873,0.8441,0.8609,0.4443,0.6118,0.5991,1
276,0.2871,0.2195,0.3833,0.9556,0.5522,0.6637,0.8706,0.6783,0.4998,0.066,0
277,0.7884,0.2196,0.6369,0.0149,0.7968,0.8687,0.8074,0.6581,0.248,0.8648,1
278,0.9872,0.978,0.2419,0.6278,0.4025,0.9424,0.592,0.7185,0.8389,0.1517,1
279,0.6769,0.0039,0.0492,0.1667,0.7236,0.704,0.6704,0.5842,0.0617,0.1045,1
280,0.3528,0.8831,0.8444,0.2332,0.255,0.2301,0.0528,0.9029,0.4353,0.1907,0
281,0.7781,0.4561,0.7045,0.1323,0.5124,0.7097,0.7088,0.3371,0.0632,0.914,1
282,0.5644,0.2473,0.3576,0.8267,0.6456,0.3763,0.5106,0.3246,0.2073,0.5698,1
283,0.9734,0.1405,0.8458,0.4576,0.1087,0.5064,0.7168,0.7166,0.3513,0.6967,0
284,0.3329,0.577,0.7178,0.5849,0.0701,0.5745,0.3384,0.8516,0.8294,0.9306,0
285,0.3789,0.4848,0.9545,0.6804,0.7349,0.2868,0.6745,0.9455,0.2548,0.9221,1
286,0.6842,0.8741,0.8103,0.9973,0.2096,0.7963,0.1284,0.5808,0.5525,0.1177,0
287,0.1872,0.9283,0.855,0.2959,0.549,0.1259,0.3296,0.2611,0.5809,0.4561,0
288,0.1011,0.4569,0.0722,0.171,0.3487,0.7028,0.1778,0.4203,0.0984,0.6684,0
289,0.6515,0.8809,0.1424,0.9679,0.9957,0.5587,0.5161,0.2779,0.0883,0.4998,0
290,0.0875,0.4153,0.4269,0.9833,0.659,0.6754,0.6848,0.6502,0.3832,0.3983,0
291,0.0827,0.7813,0.2306,0.3604,0.2502,0.5628,0.7511,0.771,0.7992,0.9786,1
292,0.1114,0.0467,0.311,0.3688,0.8553,0.5225,0.241,0.1205,0.2204,0.1984,0
293,0.6103,0.4949,0.5589,0.2016,0.8674,0.6112,0.5224,0.6796,0.6975,0.8591,1
294,0.5601,0.6407,0.2771,0.3869,0.4019,0.2261,0.3099,0.5626,0.1727,0.5636,1
295,0.3924,0.4926,0.1708,0.1257,0.765,0.0027,0.5538,0.2639,0.7955,0.6258,0
296,0.3799,0.2346,0.9596,0.9172,0.2009,0.6907,0.5689,0.0598,0.4223,0.3775,1
297,0.5551,0.1305,0.7644,0.3739,0.413,0.2758,0.7663,0.7325,0.4682,0.4337,0
298,0.2856,0.7963,0.2944,0.4867,0.3634,0.2838,0.1611,0.4977,0.3875,0.2614,1
299,0.473,0.6846,0.3865,0.1987,0.2797,0.8544,0.1758,0.2494,0.2455,0.2772,0
300,0.0593,0.6604,0.9464,0.3507,0.9037,0.6547,0.2996,0.0976,0.5628,0.7184,0
301,0.7361,0.6721,0.1019,0.3908,0.3229,0.8988,0.7809,0.8749,0.9577,0.6961,0
302,0.9732,0.7267,0.7617,0.3568,0.9377,0.445,0.4321,0.5865,0.4641,0.3025,1
303,0.4868,0.1112,0.8846,0.6859,0.9432,0.3217,0.1488,0.4157,0.3535,0.7097,0
304,0.2747,0.6768,0.1006,0.9618,0.6381,0.218,0.0367,0.883,0.3954,0.1632,1
305,0.8903,0.7766,0.5825,0.8531,0.4807,0.0867,0.643,0.9776,0.8046,0.8619,1
306,0.07,0.0559,0.8599,0.0588,0.8129,0.1528,0.3737,0.8369,0.5741,0.8938,0
307,0.1539,0.4477,0.9338,0.0122,0.1841,0.3376,0.0279,0.2719,0.3664,0.6638,0
308,0.0291,0.792,0.607,0.2739,0.2937,0.7242,0.4908,0.9421,0.6655,0.6615,0
309,0.2904,0.6761,0.8509,0.0673,0.4859,0.372,0.2742,0.2237,0.2866,0.9806,1
310,0.1396,0.6643,0.8304,0.7259,0.2711,0.4052,0.9102,0.6816,0.7796,0.6559,0
311,0.0969,0.1826,0.5609,0.0217,0.0955,0.1448,0.6347,0.4632,0.9744,0.5537,0
312,0.6085,0.7249,0.9886,0.5635,0.883,0.7067,0.889,0.493,0.5848,0.3061,1
313,0.6047,0.9683,0.7737,0.726,0.0227,0.2033,0.0573,0.4213,0.3572,0.9045,0
314,0.1773,0.119,0.1204,0.943,0.32,0.7621,0.6017,0.8683,0.4871,0.0941,0
315,0.5125,0.7215,0.4927,0.5384,0.3948,0.251,0.5282,0.7699,0.3989,0.8477,1
316,0.3117,0.796,0.0389,0.6502,0.7096,0.3099,0.5561,0.1165,0.1253,0.2784,1
317,0.2259,0.0771,0.515,0.0656,0.6401,0.1818,0.2098,0.8791,0.2611,0.7725,0
318,0.6421,0.1283,0.7189,0.9053,0.0329,0.611,0.5538,0.7936,0.3875,0.9937,0
319,0.6153,0.1363,0.3112,0.1016,0.6415,0.9282,0.2229,0.2344,0.1652,0.6017,0
320,0.1185,0.1947,0.3327,0.1491,0.6615,0.3132,0.1884,0.6419,0.2549,0.3877,0
321,0.7773,0.7648,0.9614,0.7257,0.2419,0.692,0.2161,0.9462,0.129,0.1282,1
322,0.4005,0.1197,0.8635,0.5644,0.959,0.3679,0.2675,0.3759,0.8206,0.0867,0
323,0.0337,0.7975,0.1221,0.7237,0.4132,0.7128,0.7137,0.4613,0.7717,0.479,1
324,0.9315,0.1878,0.9543,0.8197,0.955,0.4207,0.3725,0.796,0.5813,0.2765,1
325,0.4538,0.8105,0.5869,0.4783,0.738,0.4818,0.9616,0.7919,0.2648,0.6766,0
326,0.1783,0.0211,0.5062,0.6477,0.6452,0.4429,0.4407,0.1092,0.7429,0.1852,0
327,0.8885,0.625,0.7416,0.5594,0.464,0.2066,0.6288,0.104,0.1174,0.1398,1
328,0.0108,0.0361,0.1718,0.8939,0.9783,0.7151,0.146,0.3382,0.4829,0.7527,0
329,0.4197,0.4155,0.5847,0.2426,0.3407,0.2704,0.2127,0.7965,0.5673,0.0814,1
330,0.9573,0.1824,0.6129,0.9571,0.0681,0.9049,0.9686,0.2858,0.2242,0.9727,1
331,0.2659,0.2083,0.2034,0.1527,0.1573,0.964,0.9217,0.861,0.7176,0.934,1
332,0.566,0.1932,0.9773,0.9153,0.212,0.7007,0.7229,0.7415,0.1062,0.464,1
333,0.984,0.1599,0.0608,0.9375,0.6215,0.8883,0.9253,0.3848,0.9689,0.2017,0
334,0.9318,0.8251,0.9441,0.4264,0.1217,0.1128,0.4218,0.0472,0.0765,0.1627,0
335,0.3753,0.2895,0.377,0.5651,0.45,0.2488,0.653,0.1015,0.6568,0.0181,0
336,0.959,0.3477,0.7622,0.8489,0.2456,0.8681,0.3555,0.9892,0.0123,0.828,0
337,0.3059,0.6882,0.0438,0.2385,0.2064,0.207,0.9018,0.4749,0.9827,0.9234,0
338,0.6071,0.5421,0.6192,0.8236,0.5442,0.7645,0.556,0.7004,0.1391,0.0921,1
339,0.2755,0.6067,0.2068,0.5725,0.6706,0.5597,0.5459,0.626,0.0325,0.6561,1
340,0.6541,0.1558,0.0821,0.0541,0.4326,0.0323,0.7427,0.7403,0.1433,0.2345,1
341,0.2951,0.8629,0.3265,0.9332,0.7371,0.2698,0.8186,0.8662,0.482,0.1442,1
342,0.616,0.6866,0.7528,0.8535,0.4897,0.0809,0.0433,0.8295,0.2075,0.6411,1
343,0.7527,0.3367,0.6519,0.5449,0.1149,0.0642,0.7682,0.1908,0.0888,0.687,0
344,0.2706,0.1335,0.918,0.1696,0.7555,0.6043,0.6996,0.7478,0.4678,0.8628,1
345,0.0176,0.0652,0.9025,0.6875,0.9667,0.0811,0.7564,0.8939,0.693,0.1269,0
346,0.6815,0.997,0.3791,0.8762,0.6604,0.3398,0.8069,0.2845,0.4824,0.1119,1
347,0.8118,0.4065,0.2053,0.652,0.7283,0.5894,0.0843,0.1526,0.6178,0.761,1
348,0.2861,0.7496,0.115,0.4042,0.2589,0.8233,0.9047,0.1636,0.1656,0.0548,0
349,0.0429,0.368,0.2891,0.2156,0.3013,0.6698,0.9483,0.6672,0.3399,0.9007,0
350,0.8166,0.1186,0.1779,0.6938,0.431,0.257,0.4599,0.4304,0.6683,0.3276,0
351,0.0607,0.7817,0.2744,0.3454,0.436,0.5723,0.2724,0.1052,0.106,0.3156,0
352,0.2791,0.9795,0.5259,0.312,0.4545,0.3286,0.8576,0.3444,0.079,0.1053,0
353,0.1037,0.8788,0.5628,0.6048,0.6558,0.6604,0.9874,0.8317,0.0387,0.6871,1
354,0.2577,0.2509,0.1371,0.5296,0.9216,0.7354,0.3234,0.0436,0.7572,0.267,1
355,0.3551,0.8864,0.4859,0.8625,0.2496,0.6348,0.7133,0.7347,0.7539,0.1188,0
356,0.3642,0.0453,0.1995,0.4382,0.2677,0.7587,0.8193,0.9716,0.6949,0.4419,1
357,0.1463,0.4663,0.3194,0.2709,0.2153,0.7567,0.5535,0.5668,0.1876,0.5184,1
358,0.1388,0.9695,0.2882,0.033,0.4724,0.1501,0.993,0.7762,0.7848,0.5958,1
359,0.1771,0.2915,0.9677,0.4686,0.4356,0.1999,0.0964,0.5189,0.9321,0.875,1
360,0.1493,0.3538,0.2619,0.7605,0.777,0.5785,0.3736,0.7998,0.7568,0.2019,1
361,0.8699,0.7117,0.0636,0.1569,0.8947,0.5149,0.679,0.0862,0.6308,0.8932,0
362,0.1595,0.3781,0.5224,0.8134,0.9888,0.7043,0.3088,0.2871,0.9359,0.7534,0
363,0.3465,0.2715,0.5849,0.1625,0.3115,0.6848,0.1716,0.7725,0.1784,0.2644,1
364,0.51,0.9157,0.301,0.5111,0.6907,0.326,0.6231,0.982,0.5295,0.3641,1
365,0.5472,0.0547,0.8656,0.3234,0.8727,0.4403,0.7764,0.6086,0.2609,0.5415,1
366,0.9392,0.8451,0.8364,0.4839,0.323,0.4157,0.6553,0.775,0.9632,0.8027,0
367,0.8882,0.508,0.4699,0.4699,0.02,0.4167,0.7714,0.2905,0.4731,0.0707,0
368,0.1079,0.8469,0.5736,0.2648,0.4595,0.316,0.2286,0.8981,0.4306,0.8772,0
369,0.7241,0.5297,0.3214,0.1456,0.8611,0.127,0.9187,0.3084,0.452,0.8406,1
370,0.5459,0.8399,0.3584,0.8379,0.0122,0.0434,0.3496,0.0259,0.27,0.3614,0
371,0.2878,0.4726,0.3678,0.6632,0.9996,0.6503,0.9049,0.8118,0.2125,0.9012,0
372,0.9223,0.223,0.9707,0.1669,0.4564,0.5114,0.4255,0.4763,0.0207,0.5817,0
373,0.9479,0.8264,0.6058,0.6264,0.8665,0.0071,0.3969,0.1263,0.5258,0.6721,1
374,0.3179,0.4723,0.239,0.207,0.8804,0.5584,0.5179,0.2418,0.0834,0.2642,1
375,0.7401,0.6287,0.0355,0.3576,0.5923,0.0316,0.7338,0.1846,0.6745,0.6791,0
376,0.299,0.1284,0.9392,0.4749,0.4344,0.6799,0.0951,0.0336,0.8514,0.405,0
377,0.4252,0.8427,0.8075,0.2259,0.4454,0.662,0.798,0.0491,0.5104,0.7548,0
378,0.1144,0.5344,0.5297,0.8943,0.5425,0.2914,0.9754,0.4281,0.0218,0.7528,0
379,0.4603,0.9729,0.6582,0.1778,0.3273,0.5967,0.3202,0.0011,0.5813,0.9687,1
380,0.7445,0.5438,0.7123,0.6474,0.6321,0.8649,0.5566,0.7996,0.008,0.5263,0
381,0.3131,0.3326,0.0985,0.029,0.685,0.4298,0.6927,0.7007,0.3401,0.1856,1
382,0.7288,0.3259,0.8028,0.3848,0.7387,0.9097,0.3108,0.2589,0.9823,0.4348,1
383,0.3728,0.8863,0.2168,0.6478,0.0176,0.8579,0.5993,0.9902,0.1588,0.3781,0
384,0.5545,0.7657,0.5681,0.1147,0.5363,0.1807,0.1278,0.4093,0.3605,0.7798,1
385,0.5403,0.9313,0.4117,0.753,0.2863,0.105,0.0478,0.2928,0.9442,0.3657,0
386,0.058,0.1448,0.0602,0.7777,0.8869,0.3182,0.1713,0.6116,0.3719,0.2897,1
387,0.0601,0.0613,0.6735,0.7047,0.3153,0.1934,0.9905,0.2141,0.6644,0.7522,1
388,0.7664,0.7395,0.2649,0.0242,0.0163,0.7212,0.2727,0.679,0.863,0.7764,1
389,0.4985,0.2924,0.5175,0.9023,0.7356,0.8937,0.3793,0.2355,0.1995,0.6043,1
390,0.6308,0.4688,0.5561,0.2163,0.9105,0.2891,0.3247,0.459,0.2155,0.4955,1
391,0.1537,0.5738,0.9144,0.1125,0.3739,0.5709,0.5931,0.0085,0.8301,0.9774,0
392,0.28,0.6999,0.0078,0.8157,0.5875,0.7862,0.2684,0.2314,0.929,0.3156,0
393,0.3936,0.0245,0.8736,0.4978,0.9048,0.5412,0.5481,0.2856,0.6328,0.11,0
394,0.7624,0.3357,0.8384,0.5367,0.3983,0.4311,0.4954,0.0064,0.4673,0.0635,0
395,0.8854,0.5345,0.9242,0.6794,0.9523,0.3284,0.3495,0.478,0.2075,0.6991,1
396,0.7176,0.3292,0.3778,0.2732,0.5166,0.364,0.1263,0.0354,0.852,0.0143,1
397,0.6219,0.9622,0.179,0.7779,0.1716,0.2276,0.7136,0.2282,0.8442,0.3416,1
398,0.2919,0.6564,0.7505,0.4924,0.0046,0.0763,0.0166,0.9146,0.7535,0.4578,1
399,0.9345,0.9458,0.9293,0.711,0.4221,0.188,0.2075,0.2272,0.2295,0.3076,0
400,0.0552,0.4587,0.0581,0.6483,0.1287,0.9627,0.2914,0.4154,0.9205,0.3866,1
401,0.0687,0.2974,0.11,0.5258,0.7198,0.9962,0.7983,0.8265,0.3098,0.404,0
402,0.3854,0.83,0.8927,0.63,0.4045,0.3013,0.7029,0.7461,0.1725,0.5781,0
403,0.7761,0.9587,0.9201,0.4579,0.8941,0.2688,0.0424,0.189,0.5798,0.0821,0
404,0.5398,0.8185,0.1496,0.0824,0.1816,0.867,0.7165,0.2564,0.0046,0.4893,1
405,0.6753,0.836,0.3805,0.1124,0.6909,0.3263,0.8826,0.7979,0.2726,0.4223,0
406,0.5989,0.0889,0.591,0.7346,0.9213,0.7397,0.7819,0.1952,0.2831,0.8265,0
407,0.1722,0.8738,0.8772,0.5207,0.0484,0.5075,0.1338,0.0668,0.1125,0.6896,0
408,0.0157,0.782,0.5427,0.063,0.7369,0.996,0.2739,0.3971,0.87,0.3854,0
409,0.8251,0.8293,0.7474,0.6522,0.908,0.8466,0.7719,0.192,0.029,0.5044,1
410,0.2227,0.4293,0.0651,0.0221,0.4049,0.8511,0.4222,0.0543,0.836,0.7426,1
411,0.2442,0.1953,0.8161,0.7936,0.5633,0.6547,0.6429,0.868,0.6122,0.6936,1
412,0.9544,0.474,0.2987,0.3395,0.0274,0.4428,0.7481,0.7383,0.5878,0.9362,1
413,0.5999,0.3333,0.5196,0.5015,0.2659,0.588,0.1623,0.6519,0.2695,0.8956,0
414,0.4552,0.0445,0.3547,0.7034,0.981,0.0676,0.1591,0.4861,0.2876,0.1914,1
415,0.4797,0.9036,0.966,0.12,0.514,0.8689,0.6075,0.6573,0.9224,0.0527,0
416,0.8534,0.5766,0.4996,0.6263,0.2928,0.5999,0.0655,0.2735,0.7782,0.4943,0
417,0.1739,0.7314,0.7469,0.9017,0.9217,0.5514,0.7945,0.9117,0.1931,0.7267,1
418,0.8026,0.1832,0.1625,0.9126,0.0176,0.2254,0.5438,0.4742,0.202,0.8763,1
419,0.4106,0.9193,0.5641,0.326,0.7034,0.5601,0.4868,0.6952,0.7244,0.3821,1
420,0.8156,0.2935,0.9238,0.4032,0.989,0.2902,0.742,0.4733,0.8894,0.9807,1
421,0.0245,0.9966,0.5268,0.3665,0.6508,0.0205,0.3777,0.7137,0.0006,0.6124,1
422,0.0551,0.0429,0.4425,0.4111,0.9516,0.552,0.2437,0.0246,0.5464,0.8951,0
423,0.452,0.684,0.0277,0.4674,0.0407,0.0705,0.1318,0.0831,0.374,0.605,0
424,0.0579,0.0042,0.5818,0.4613,0.4224,0.7202,0.4578,0.1926,0.9948,0.9646,1
425,0.0885,0.6203,0.846,0.3906,0.9963,0.0887,0.8455,0.1677,0.8032,0.6604,1
426,0.1072,0.623,0.8981,0.3345,0.7159,0.498,0.3325,0.5501,0.7268,0.4829,1
427,0.4578,0.1832,0.6187,0.7552,0.4433,0.7541,0.9723,0.9556,0.1552,0.2394,0
428,0.8034,0.6281,0.319,0.3398,0.7596,0.6253,0.6121,0.7886,0.4804,0.5103,0
429,0.1124,0.2674,0.8152,0.9364,0.219,0.5689,0.5314,0.4923,0.57,0.0682,0
430,0.6035,0.1054,0.8502,0.0203,0.3611,0.8956,0.702,0.7166,0.8618,0.3385,0
431,0.6061,0.7778,0.6016,0.2042,0.7483,0.6528,0.3258,0.3494,0.3647,0.5019,1
432,0.1059,0.942,0.4738,0.9848,0.428,0.0829,0.4809,0.5771,0.354,0.5965,1
433,0.9675,0.7749,0.2587,0.6405,0.0074,0.8627,0.3503,0.8425,0.122,0.2082,0
434,0.6168,0.2205,0.0119,0.195,0.0077,0.2367,0.5428,0.7962,0.821,0.9764,1
435,0.4439,0.1527,0.7671,0.4609,0.0797,0.3576,0.2889,0.0151,0.4167,0.7488,0
436,0.2284,0.8519,0.193,0.7123,0.0728,0.459,0.27,0.579,0.0091,0.849,0
437,0.1053,0.6061,0.5891,0.5322,0.1527,0.0429,0.3631,0.4314,0.663,0.2584,0
438,0.4862,0.8075,0.9796,0.0627,0.4366,0.4923,0.6005,0.5567,0.7401,0.5268,1
439,0.0467,0.4508,0.4554,0.5104,0.8771,0.5416,0.6726,0.8884,0.4807,0.1799,1
440,0.6688,0.426,0.8465,0.7742,0.9423,0.7835,0.7779,0.6435,0.7316,0.405,0
441,0.3798,0.7636,0.8305,0.8174,0.3593,0.6837,0.8545,0.8076,0.979,0.8578,1
442,0.3568,0.3403,0.2886,0.9819,0.6186,0.8832,0.6428,0.4343,0.9131,0.13,0
443,0.4551,0.0645,0.6295,0.0474,0.1052,0.5704,0.5428,0.4047,0.9208,0.4932,0
444,0.0227,0.4173,0.7879,0.5433,0.0117,0.997,0.5908,0.6424,0.5273,0.2164,1
445,0.0558,0.8005,0.1026,0.8962,0.8518,0.1945,0.7125,0.4168,0.4762,0.7001,1
446,0.3788,0.9164,0.8117,0.1637,0.6531,0.1387,0.5886,0.9596,0.838,0.1045,1
447,0.0873,0.3249,0.8219,0.614,0.6081,0.8647,0.1112,0.7136,0.2015,0.0618,1
448,0.3942,0.5497,0.2584,0.3263,0.5363,0.4336,0.7228,0.0375,0.0461,0.3042,0
449,0.2691,0.3124,0.1518,0.3025,0.4397,0.4302,0.9825,0.9356,0.9653,0.5981,0
450,0.1146,0.8681,0.6791,0.8859,0.0281,0.8153,0.8322,0.8846,0.6238,0.4868,0
451,0.9923,0.5325,0.0558,0.8401,0.9258,0.8526,0.4955,0.0248,0.0216,0.8127,0
452,0.8357,0.0844,0.1997,0.8305,0.1552,0.9289,0.5462,0.4662,0.8984,0.5867,0
453,0.1446,0.0217,0.543,0.7637,0.5174,0.2843,0.7246,0.0418,0.0759,0.9107,0
454,0.5432,0.2339,0.5708,0.2497,0.3554,0.1517,0.9913,0.3159,0.0485,0.9033,1
455,0.5835,0.3467,0.3158,0.655,0.6955,0.5776,0.5589,0.4682,0.2215,0.9074,0
456,0.7928,0.6233,0.0555,0.4855,0.4877,0.2614,0.6085,0.397,0.7114,0.1295,0
457,0.6321,0.2515,0.7439,0.6141,0.1438,0.0486,0.4195,0.649,0.4865,0.0248,0
458,0.7882,0.6931,0.5931,0.2049,0.5086,0.6971,0.4562,0.6159,0.6484,0.8282,1
459,0.4259,0.073,0.2958,0.8373,0.9987,0.5054,0.4674,0.7717,0.0903,0.3793,1
460,0.2356,0.9235,0.6044,0.1849,0.1046,0.372,0.2307,0.3524,0.7019,0.3908,0
461,0.0872,0.3616,0.6725,0.0056,0.2741,0.2782,0.2565,0.3409,0.1981,0.5509,1
462,0.344,0.285,0.7354,0.1359,0.8787,0.8844,0.6751,0.902,0.064,0.2838,1
463,0.494,0.2803,0.5027,0.8436,0.5245,0.8273,0.6984,0.1733,0.8966,0.9068,0
464,0.9251,0.4163,0.4149,0.1309,0.5949,0.0823,0.7472,0.5714,0.7456,0.609,0
465,0.5692,0.7894,0.1905,0.5309,0.9425,0.9786,0.4957,0.7338,0.0298,0.4063,1
466,0.5079,0.0223,0.731,0.2079,0.5663,0.0415,0.8044,0.728,0.9798,0.5287,0
467,0.0904,0.3563,0.2357,0.6174,0.8305,0.0718,0.0622,0.5304,0.0192,0.4913,1
468,0.5211,0.0796,0.1968,0.8112,0.1234,0.7407,0.0207,0.1752,0.8657,0.9234,1
469,0.4903,0.1219,0.6058,0.601,0.3533,0.5361,0.0402,0.1716,0.8779,0.1209,0
470,0.0385,0.8554,0.6006,0.0883,0.1961,0.0243,0.8965,0.8597,0.2032,0.3244,0
471,0.7204,0.7767,0.2084,0.5732,0.102,0.4865,0.4778,0.8097,0.6408,0.2272,1
472,0.6772,0.0906,0.7621,0.1348,0.3214,0.3567,0.2685,0.2247,0.5464,0.0052,1
473,0.6964,0.6104,0.6904,0.5843,0.1349,0.2203,0.4441,0.5359,0.9448,0.9223,0
474,0.9364,0.6167,0.5644,0.436,0.4421,0.3967,0.9476,0.2791,0.127,0.1767,0
475,0.8667,0.8869,0.412,0.3843,0.9181,0.6793,0.3873,0.1805,0.0437,0.3438,1
476,0.0894,0.2056,0.3654,0.8055,0.7293,0.1311,0.9161,0.7722,0.3891,0.3056,1
477,0.6428,0.2906,0.7457,0.0127,0.2539,0.0367,0.5609,0.2967,0.3177,0.4302,1
478,0.1021,0.4565,0.6827,0.2746,0.7381,0.2564,0.2675,0.7282,0.3185,0.4115,0
479,0.7995,0.6366,0.7106,0.6992,0.0704,0.1544,0.2447,0.8451,0.7496,0.1582,1
480,0.7843,0.1306,0.7288,0.4733,0.3683,0.3254,0.0102,0.739,0.7179,0.2823,0
481,0.3429,0.4542,0.8302,0.1661,0.2119,0.2569,0.1809,0.931,0.9443,0.1351,1
482,0.4432,0.9107,0.3496,0.1931,0.4565,0.4242,0.0274,0.9701,0.8114,0.6464,1
483,0.7975,0.9038,0.4409,0.1758,0.956,0.884,0.6746,0.9772,0.8163,0.055,0
484,0.3268,0.6357,0.5879,0.195,0.7179,0.0305,0.3116,0.9586,0.9892,0.9428,1
485,0.0595,0.1493,0.0347,0.9099,0.0851,0.0912,0.0877,0.3463,0.6499,0.2998,1
486,0.5249,0.4662,0.2033,0.0756,0.0063,0.0386,0.6556,0.8075,0.7305,0.3702,0
487,0.3884,0.9911,0.5319,0.5121,0.2238,0.5395,0.5819,0.6106,0.4611,0.1707,1
488,0.2372,0.5993,0.302,0.285,0.3022,0.1308,0.2293,0.59,0.8241,0.3816,1
489,0.3265,0.2258,0.5254,0.0303,0.4839,0.4185,0.403,0.7428,0.3592,0.451,0
490,0.5832,0.4396,0.7717,0.535,0.023,0.8921,0.5114,0.4508,0.7625,0.1961,0
491,0.5307,0.5374,0.9087,0.4234,0.6491,0.8978,0.4214,0.9475,0.3775,0.8709,0
492,0.8195,0.481,0.2822,0.7578,0.4706,0.3018,0.301,0.6304,0.6464,0.5223,0
493,0.9244,0.3889,0.7575,0.6907,0.5905,0.3688,0.7095,0.9334,0.9937,0.5978,0
494,0.7165,0.1769,0.3703,0.0071,0.7853,0.8592,0.2602,0.0927,0.2941,0.0223,0
495,0.2971,0.7307,0.1102,0.1778,0.8324,0.4658,0.9819,0.4544,0.0024,0.7284,0
496,0.7351,0.6227,0.3811,0.4253,0.8356,0.6497,0.6197,0.7708,0.3068,0.8832,0
497,0.1892,0.6491,0.0858,0.8031,0.2452,0.7853,0.5679,0.0189,0.9677,0.6206,1
498,0.0608,0.8508,0.5681,0.6453,0.0068,0.5654,0.8369,0.3912,0.6094,0.5384,0
499,0.1232,0.2145,0.6686,0.5131,0.2797,0.899,0.5255,0.9161,0.4272,0.1314,1
