id,platform,text,latitude,longitude,timestamp
0,Instagram,Sample post content 0,35.880343,166.864402,2024-06-03T12:51:50.487143
1,Instagram,Sample post content 1,-35.986571,112.846315,2024-09-14T12:51:50.487171
2,Instagram,Sample post content 2,62.685437,17.570567,2024-06-28T12:51:50.487184
3,Twitter,Sample post content 3,65.682076,-64.367889,2024-07-05T12:51:50.487197
4,Instagram,Sample post content 4,86.325227,16.836811,2025-01-18T12:51:50.487209
5,Facebook,Sample post content 5,-5.515197,-103.511511,2024-08-23T12:51:50.487221
6,Instagram,Sample post content 6,50.470625,-56.341424,2025-04-19T12:51:50.487232
7,Instagram,Sample post content 7,19.142216,49.144403,2024-10-11T12:51:50.487248
8,Instagram,Sample post content 8,-87.701097,-57.94427,2024-07-02T12:51:50.487264
9,Instagram,Sample post content 9,-41.992118,-143.316231,2025-01-27T12:51:50.487275
10,Instagram,Sample post content 10,5.067952,-39.645875,2024-08-27T12:51:50.487285
11,Facebook,Sample post content 11,-26.910068,-138.773226,2025-03-09T12:51:50.487295
12,Facebook,Sample post content 12,-44.109073,95.363199,2025-01-10T12:51:50.487305
13,Instagram,Sample post content 13,54.450043,83.244744,2024-09-07T12:51:50.487314
14,Instagram,Sample post content 14,-41.180254,-45.297211,2025-03-06T12:51:50.487324
15,Facebook,Sample post content 15,77.168103,166.621792,2024-08-09T12:51:50.487333
16,Instagram,Sample post content 16,15.923766,27.99999,2025-04-19T12:51:50.487343
17,Facebook,Sample post content 17,26.343299,-83.310481,2024-11-09T12:51:50.487352
18,Twitter,Sample post content 18,28.14119,-124.913666,2025-04-28T12:51:50.487362
19,Twitter,Sample post content 19,-6.893146,-152.276121,2024-07-02T12:51:50.487371
20,Twitter,Sample post content 20,35.491329,-78.987995,2024-06-26T12:51:50.487381
21,Twitter,Sample post content 21,-29.394989,-57.047903,2024-05-28T12:51:50.487390
22,Facebook,Sample post content 22,-72.780558,51.757731,2025-03-06T12:51:50.487400
23,Twitter,Sample post content 23,-30.924149,-45.709184,2024-06-10T12:51:50.487409
24,Twitter,Sample post content 24,0.685609,-172.454666,2025-04-23T12:51:50.487419
25,Facebook,Sample post content 25,26.745277,-142.713038,2024-12-30T12:51:50.487429
26,Facebook,Sample post content 26,2.793464,65.070288,2025-01-20T12:51:50.487438
27,Facebook,Sample post content 27,-34.551048,177.00185,2024-08-27T12:51:50.487448
28,Twitter,Sample post content 28,-46.019637,-35.097233,2024-08-10T12:51:50.487457
29,Facebook,Sample post content 29,-46.221505,173.29401,2025-03-09T12:51:50.487467
30,Instagram,Sample post content 30,26.670502,139.164731,2025-01-29T12:51:50.487476
31,Instagram,Sample post content 31,-9.830031,-174.724617,2024-07-21T12:51:50.487486
32,Facebook,Sample post content 32,57.541434,-151.872184,2024-07-27T12:51:50.487496
33,Instagram,Sample post content 33,41.262214,-17.696546,2024-11-18T12:51:50.487505
34,Instagram,Sample post content 34,42.197767,-45.869211,2024-09-05T12:51:50.487515
35,Facebook,Sample post content 35,-11.297788,49.44723,2024-11-23T12:51:50.487526
36,Facebook,Sample post content 36,8.436974,51.576256,2024-12-17T12:51:50.487542
37,Facebook,Sample post content 37,-73.480767,-146.761348,2024-09-16T12:51:50.487559
38,Twitter,Sample post content 38,25.285433,-57.484415,2025-01-29T12:51:50.487573
39,Instagram,Sample post content 39,5.416171,-166.803027,2024-05-12T12:51:50.487582
40,Twitter,Sample post content 40,-11.997375,167.46501,2024-11-07T12:51:50.487592
41,Instagram,Sample post content 41,12.057657,103.382774,2024-11-05T12:51:50.487602
42,Facebook,Sample post content 42,-54.541873,177.746202,2024-12-22T12:51:50.487623
43,Facebook,Sample post content 43,17.514944,3.556854,2025-03-04T12:51:50.487633
44,Twitter,Sample post content 44,-34.6619,-142.016551,2024-06-17T12:51:50.487643
45,Twitter,Sample post content 45,32.582887,98.756473,2025-03-08T12:51:50.487652
46,Instagram,Sample post content 46,87.660324,-102.505078,2024-05-02T12:51:50.487661
47,Facebook,Sample post content 47,29.66164,-37.264214,2024-06-05T12:51:50.487671
48,Facebook,Sample post content 48,-87.880676,-143.345787,2024-05-29T12:51:50.487680
49,Instagram,Sample post content 49,-76.505074,-95.386661,2025-01-29T12:51:50.487690
50,Twitter,Sample post content 50,43.235797,-7.965482,2024-10-17T12:51:50.487700
51,Twitter,Sample post content 51,43.428124,31.8745,2024-05-14T12:51:50.487709
52,Instagram,Sample post content 52,-10.299311,120.445086,2025-02-18T12:51:50.487724
53,Instagram,Sample post content 53,-46.04689,138.837756,2024-11-12T12:51:50.487740
54,Facebook,Sample post content 54,57.215642,150.686441,2024-09-22T12:51:50.487754
55,Facebook,Sample post content 55,-51.346754,2.782654,2024-11-28T12:51:50.487764
56,Instagram,Sample post content 56,-43.230896,115.857829,2025-03-31T12:51:50.487774
57,Facebook,Sample post content 57,8.382601,-7.562252,2024-11-01T12:51:50.487783
58,Instagram,Sample post content 58,-18.378089,-116.763318,2024-12-08T12:51:50.487798
59,Instagram,Sample post content 59,-60.384481,174.744018,2024-06-11T12:51:50.487816
60,Instagram,Sample post content 60,-23.906093,-145.803645,2024-05-10T12:51:50.487833
61,Twitter,Sample post content 61,-70.574642,104.034103,2024-07-20T12:51:50.487850
62,Twitter,Sample post content 62,43.181781,37.811699,2024-11-23T12:51:50.487860
63,Facebook,Sample post content 63,54.205413,56.743193,2024-11-17T12:51:50.487870
64,Facebook,Sample post content 64,79.149878,73.378027,2024-05-31T12:51:50.487880
65,Facebook,Sample post content 65,41.219123,-29.939316,2024-07-19T12:51:50.487889
66,Instagram,Sample post content 66,-79.710483,-10.133445,2025-04-04T12:51:50.487899
67,Instagram,Sample post content 67,-88.600207,-148.166796,2025-03-08T12:51:50.487908
68,Twitter,Sample post content 68,1.234208,92.467874,2025-02-15T12:51:50.487918
69,Instagram,Sample post content 69,78.753171,21.991535,2024-10-23T12:51:50.487928
70,Facebook,Sample post content 70,-82.792348,72.911217,2024-05-20T12:51:50.487937
71,Instagram,Sample post content 71,80.989338,18.482383,2025-03-13T12:51:50.487946
72,Instagram,Sample post content 72,21.43613,144.52201,2025-02-17T12:51:50.487956
73,Twitter,Sample post content 73,63.120537,-26.755197,2025-04-07T12:51:50.487965
74,Twitter,Sample post content 74,70.814937,138.558052,2024-08-19T12:51:50.487975
75,Instagram,Sample post content 75,-85.428364,-126.826446,2024-05-17T12:51:50.487990
76,Instagram,Sample post content 76,-17.144453,99.466925,2025-03-29T12:51:50.488007
77,Facebook,Sample post content 77,-68.49122,-125.244381,2024-09-23T12:51:50.488094
78,Facebook,Sample post content 78,86.208536,58.357161,2024-12-08T12:51:50.488111
79,Twitter,Sample post content 79,22.884745,-60.407507,2024-11-03T12:51:50.488125
80,Instagram,Sample post content 80,22.598014,-89.986875,2025-02-22T12:51:50.488134
81,Facebook,Sample post content 81,3.564057,-37.586473,2024-11-11T12:51:50.488144
82,Twitter,Sample post content 82,60.510914,-139.916545,2025-01-05T12:51:50.488153
83,Instagram,Sample post content 83,85.299615,-49.922473,2024-12-11T12:51:50.488162
84,Facebook,Sample post content 84,-8.496908,-24.061207,2025-01-21T12:51:50.488172
85,Twitter,Sample post content 85,27.606898,159.775313,2025-03-04T12:51:50.488181
86,Facebook,Sample post content 86,-78.299973,-173.300346,2024-08-11T12:51:50.488190
87,Twitter,Sample post content 87,51.785234,-101.288762,2025-03-16T12:51:50.488200
88,Instagram,Sample post content 88,-54.587006,28.646472,2025-02-03T12:51:50.488210
89,Twitter,Sample post content 89,-35.59688,-167.7832,2025-03-02T12:51:50.488219
90,Facebook,Sample post content 90,67.60261,62.344294,2024-07-27T12:51:50.488228
91,Facebook,Sample post content 91,46.678963,-27.775005,2024-06-22T12:51:50.488238
92,Twitter,Sample post content 92,-33.636073,-146.879787,2025-01-25T12:51:50.488248
93,Facebook,Sample post content 93,-39.760841,-24.858773,2024-07-18T12:51:50.488258
94,Facebook,Sample post content 94,-10.506134,3.561569,2025-01-21T12:51:50.488267
95,Facebook,Sample post content 95,24.879017,-179.052976,2025-04-18T12:51:50.488276
96,Facebook,Sample post content 96,-17.0086,10.199124,2024-10-07T12:51:50.488286
97,Instagram,Sample post content 97,13.270616,-28.644928,2025-04-20T12:51:50.488295
98,Facebook,Sample post content 98,-73.985374,-128.249316,2025-04-02T12:51:50.488451
99,Twitter,Sample post content 99,59.052067,112.522834,2025-04-19T12:51:50.488483
100,Twitter,Sample post content 100,53.680897,-108.107083,2024-06-25T12:51:50.488496
101,Instagram,Sample post content 101,-13.916191,-13.238851,2024-05-06T12:51:50.488516
102,Instagram,Sample post content 102,-48.201814,-167.989063,2024-07-24T12:51:50.488528
103,Instagram,Sample post content 103,-18.254568,-161.807811,2025-04-28T12:51:50.488539
104,Facebook,Sample post content 104,-8.002254,-52.108876,2024-06-02T12:51:50.488550
105,Instagram,Sample post content 105,-76.091291,-20.168425,2024-10-05T12:51:50.488559
106,Facebook,Sample post content 106,-28.763569,-74.426281,2024-12-29T12:51:50.488570
107,Facebook,Sample post content 107,50.350285,-30.383514,2025-01-15T12:51:50.488588
108,Instagram,Sample post content 108,30.130638,-23.884619,2024-06-27T12:51:50.488605
109,Twitter,Sample post content 109,-84.0165,-76.108204,2024-05-03T12:51:50.488617
110,Twitter,Sample post content 110,22.500814,-113.065079,2025-03-01T12:51:50.488627
111,Facebook,Sample post content 111,-87.372949,-178.212664,2025-01-19T12:51:50.488636
112,Twitter,Sample post content 112,-46.399857,-166.529846,2024-10-21T12:51:50.488646
113,Instagram,Sample post content 113,85.102649,178.23969,2024-07-03T12:51:50.488658
114,Twitter,Sample post content 114,81.280356,-43.449572,2024-08-03T12:51:50.488675
115,Instagram,Sample post content 115,-12.866049,-50.968439,2024-05-31T12:51:50.488691
116,Facebook,Sample post content 116,53.5679,70.604057,2024-10-23T12:51:50.488702
117,Twitter,Sample post content 117,-12.92498,-48.874956,2024-08-21T12:51:50.488719
118,Facebook,Sample post content 118,-54.567655,138.170746,2024-08-13T12:51:50.488728
119,Twitter,Sample post content 119,35.019633,128.055757,2025-02-16T12:51:50.488738
120,Twitter,Sample post content 120,32.678544,63.047101,2025-03-09T12:51:50.488748
121,Facebook,Sample post content 121,10.12839,72.775812,2024-07-16T12:51:50.488758
122,Instagram,Sample post content 122,-80.898106,161.231084,2025-01-17T12:51:50.488767
123,Instagram,Sample post content 123,-52.074057,156.673719,2024-06-15T12:51:50.488778
124,Facebook,Sample post content 124,71.960467,-163.818551,2025-04-04T12:51:50.488788
125,Twitter,Sample post content 125,-15.137721,86.573346,2024-08-23T12:51:50.488797
126,Facebook,Sample post content 126,79.092284,-26.810754,2024-07-23T12:51:50.488807
127,Instagram,Sample post content 127,38.479937,-18.538206,2024-10-17T12:51:50.488817
128,Facebook,Sample post content 128,-9.175054,14.572854,2024-11-26T12:51:50.488827
129,Twitter,Sample post content 129,72.240498,3.402929,2025-04-06T12:51:50.488837
130,Facebook,Sample post content 130,-14.390359,76.4481,2024-07-22T12:51:50.488847
131,Facebook,Sample post content 131,-76.982541,-141.449922,2024-09-10T12:51:50.488856
132,Instagram,Sample post content 132,-45.832259,73.081769,2024-05-04T12:51:50.488866
133,Facebook,Sample post content 133,15.290812,124.585881,2025-03-13T12:51:50.488875
134,Instagram,Sample post content 134,-57.485557,-30.903005,2024-05-08T12:51:50.488885
135,Facebook,Sample post content 135,3.9884,-109.990573,2025-02-16T12:51:50.488895
136,Facebook,Sample post content 136,-24.243586,69.730237,2025-01-13T12:51:50.488905
137,Instagram,Sample post content 137,-0.151744,127.33526,2024-07-11T12:51:50.488923
138,Instagram,Sample post content 138,6.148193,0.34032,2024-07-04T12:51:50.488934
139,Facebook,Sample post content 139,57.220764,9.514083,2025-02-05T12:51:50.488943
140,Instagram,Sample post content 140,72.369293,-144.800288,2025-04-01T12:51:50.488953
141,Twitter,Sample post content 141,-70.250899,-159.091327,2024-12-03T12:51:50.488962
142,Facebook,Sample post content 142,-47.200849,-74.439757,2025-03-09T12:51:50.488972
143,Twitter,Sample post content 143,42.56261,-74.476668,2025-02-14T12:51:50.488981
144,Facebook,Sample post content 144,-11.543422,-128.072242,2024-10-10T12:51:50.488991
145,Instagram,Sample post content 145,25.554581,-12.822043,2024-08-02T12:51:50.489000
146,Facebook,Sample post content 146,-44.7932,-120.395148,2024-10-15T12:51:50.489009
147,Facebook,Sample post content 147,8.621779,22.079379,2025-02-20T12:51:50.489019
148,Facebook,Sample post content 148,-49.869786,-48.27285,2024-06-08T12:51:50.489028
149,Twitter,Sample post content 149,53.673735,-45.332825,2024-11-05T12:51:50.489041
150,Facebook,Sample post content 150,0.303175,-28.268457,2024-10-22T12:51:50.489051
151,Facebook,Sample post content 151,63.341011,-122.566256,2025-01-03T12:51:50.489060
152,Facebook,Sample post content 152,-51.411367,16.139877,2024-12-23T12:51:50.489069
153,Instagram,Sample post content 153,-55.912129,-133.640749,2024-07-03T12:51:50.489079
154,Twitter,Sample post content 154,-48.48057,-69.94923,2025-02-07T12:51:50.489088
155,Facebook,Sample post content 155,58.335214,-178.569925,2025-03-24T12:51:50.489097
156,Instagram,Sample post content 156,54.085601,120.049032,2024-12-09T12:51:50.489107
157,Twitter,Sample post content 157,19.453502,-121.901533,2024-09-13T12:51:50.489117
158,Twitter,Sample post content 158,70.279976,164.751523,2024-10-04T12:51:50.489126
159,Facebook,Sample post content 159,-5.078116,1.402149,2024-07-12T12:51:50.489136
160,Instagram,Sample post content 160,80.545384,84.237038,2024-12-14T12:51:50.489145
161,Twitter,Sample post content 161,86.82423,13.547556,2024-12-18T12:51:50.489154
162,Facebook,Sample post content 162,0.938421,108.550391,2025-03-19T12:51:50.489164
163,Twitter,Sample post content 163,-34.839424,29.918345,2025-04-01T12:51:50.489173
164,Twitter,Sample post content 164,-49.551729,158.630882,2025-03-24T12:51:50.489183
165,Instagram,Sample post content 165,-77.72258,-16.492662,2024-10-10T12:51:50.489192
166,Instagram,Sample post content 166,-57.788355,-137.866857,2024-10-30T12:51:50.489201
167,Facebook,Sample post content 167,-72.362055,147.982008,2024-05-16T12:51:50.489211
168,Instagram,Sample post content 168,21.311231,-14.605083,2024-09-14T12:51:50.489220
169,Instagram,Sample post content 169,80.221079,-14.845288,2024-06-12T12:51:50.489230
170,Twitter,Sample post content 170,-31.159686,-163.867817,2024-12-21T12:51:50.489240
171,Instagram,Sample post content 171,42.304772,26.054606,2024-10-23T12:51:50.489249
172,Twitter,Sample post content 172,-44.268749,-130.412648,2025-01-20T12:51:50.489259
173,Instagram,Sample post content 173,80.584257,8.901644,2025-01-28T12:51:50.489268
174,Twitter,Sample post content 174,9.931523,-71.648489,2024-12-02T12:51:50.489282
175,Instagram,Sample post content 175,-9.42472,-107.661528,2024-07-14T12:51:50.489299
176,Twitter,Sample post content 176,81.245774,-159.225337,2024-11-15T12:51:50.489309
177,Facebook,Sample post content 177,27.673519,69.407541,2024-05-09T12:51:50.489318
178,Facebook,Sample post content 178,-64.356539,-127.323159,2024-07-21T12:51:50.489327
179,Instagram,Sample post content 179,-36.072032,-141.067241,2025-03-08T12:51:50.489337
180,Instagram,Sample post content 180,-83.19319,15.115513,2024-09-29T12:51:50.489346
181,Instagram,Sample post content 181,48.636979,96.830094,2024-07-17T12:51:50.489356
182,Instagram,Sample post content 182,-14.533383,74.302766,2025-03-07T12:51:50.489366
183,Twitter,Sample post content 183,-57.51399,103.406124,2025-02-03T12:51:50.489375
184,Instagram,Sample post content 184,13.31509,-57.63884,2024-09-15T12:51:50.489385
185,Instagram,Sample post content 185,61.943248,-150.612814,2024-09-20T12:51:50.489394
186,Facebook,Sample post content 186,64.406909,159.143023,2024-05-16T12:51:50.489403
187,Instagram,Sample post content 187,16.964056,84.844457,2025-04-25T12:51:50.489413
188,Instagram,Sample post content 188,39.853554,16.370666,2024-09-21T12:51:50.489422
189,Twitter,Sample post content 189,86.494837,17.263357,2025-01-03T12:51:50.489431
190,Instagram,Sample post content 190,-44.115136,-89.026863,2024-12-09T12:51:50.489443
191,Facebook,Sample post content 191,82.580747,111.849891,2024-12-20T12:51:50.489459
192,Instagram,Sample post content 192,-52.228621,-9.237535,2025-03-03T12:51:50.489476
193,Twitter,Sample post content 193,43.665464,161.567381,2024-09-28T12:51:50.489530
194,Instagram,Sample post content 194,-4.88043,25.788632,2025-01-29T12:51:50.489540
195,Instagram,Sample post content 195,-2.844376,9.772347,2024-06-14T12:51:50.489550
196,Facebook,Sample post content 196,-40.330232,-15.059888,2024-10-21T12:51:50.489559
197,Twitter,Sample post content 197,-25.937237,27.104245,2024-09-22T12:51:50.489568
198,Facebook,Sample post content 198,-75.005857,72.974485,2025-02-21T12:51:50.489578
199,Instagram,Sample post content 199,89.797758,102.182453,2024-11-29T12:51:50.489587
200,Facebook,Sample post content 200,19.263549,47.220577,2024-09-12T12:51:50.489597
201,Instagram,Sample post content 201,56.214181,44.351822,2024-05-09T12:51:50.489606
202,Instagram,Sample post content 202,-84.705152,-23.625376,2024-06-04T12:51:50.489615
203,Facebook,Sample post content 203,-72.161584,179.11402,2024-06-28T12:51:50.489633
204,Instagram,Sample post content 204,75.774453,-126.840112,2024-11-01T12:51:50.489643
205,Facebook,Sample post content 205,70.309237,107.110811,2025-03-28T12:51:50.489654
206,Twitter,Sample post content 206,-22.935217,-22.880896,2024-09-15T12:51:50.489670
207,Facebook,Sample post content 207,-23.344878,45.659159,2024-05-10T12:51:50.489687
208,Instagram,Sample post content 208,35.924351,23.577338,2024-07-11T12:51:50.489697
209,Twitter,Sample post content 209,48.578236,-88.214697,2025-02-23T12:51:50.489707
210,Twitter,Sample post content 210,-53.68475,40.306719,2024-07-25T12:51:50.489716
211,Twitter,Sample post content 211,-59.25828,114.02041,2025-02-03T12:51:50.489726
212,Instagram,Sample post content 212,60.496583,-21.988064,2025-04-08T12:51:50.489741
213,Instagram,Sample post content 213,83.998992,130.695414,2024-12-01T12:51:50.489760
214,Twitter,Sample post content 214,18.392499,57.758029,2024-06-16T12:51:50.489772
215,Facebook,Sample post content 215,49.384517,-121.303854,2025-03-05T12:51:50.489781
216,Facebook,Sample post content 216,62.329621,129.572171,2025-01-20T12:51:50.489791
217,Facebook,Sample post content 217,23.78756,-154.61252,2024-07-30T12:51:50.489801
218,Instagram,Sample post content 218,-79.493231,83.719718,2025-01-13T12:51:50.489810
219,Facebook,Sample post content 219,-85.28149,71.022827,2025-01-26T12:51:50.489819
220,Instagram,Sample post content 220,79.354903,-58.538145,2024-08-05T12:51:50.489829
221,Twitter,Sample post content 221,-26.437498,-94.870745,2025-03-21T12:51:50.489838
222,Instagram,Sample post content 222,88.457912,-83.083252,2024-11-01T12:51:50.489848
223,Facebook,Sample post content 223,1.244128,-148.725432,2024-07-29T12:51:50.489857
224,Instagram,Sample post content 224,59.414146,164.862179,2024-05-25T12:51:50.489866
225,Instagram,Sample post content 225,16.319706,143.900769,2024-09-29T12:51:50.489876
226,Instagram,Sample post content 226,-71.49157,101.568134,2024-12-15T12:51:50.489885
227,Facebook,Sample post content 227,35.157559,176.617001,2024-05-04T12:51:50.489894
228,Twitter,Sample post content 228,-69.340828,40.708017,2024-08-11T12:51:50.489904
229,Facebook,Sample post content 229,47.804182,-151.880664,2024-08-15T12:51:50.489914
230,Facebook,Sample post content 230,29.106131,146.99703,2024-06-06T12:51:50.489923
231,Facebook,Sample post content 231,67.088311,149.741485,2025-03-26T12:51:50.489932
232,Facebook,Sample post content 232,-0.174382,140.525396,2024-12-08T12:51:50.489942
233,Instagram,Sample post content 233,3.640322,158.761543,2024-06-27T12:51:50.489952
234,Twitter,Sample post content 234,-3.577596,54.283195,2025-03-28T12:51:50.489961
235,Twitter,Sample post content 235,-28.544738,-57.570344,2024-05-02T12:51:50.489971
236,Twitter,Sample post content 236,-65.112754,-23.395901,2024-08-27T12:51:50.489981
237,Instagram,Sample post content 237,12.557283,-34.17488,2024-06-17T12:51:50.489991
238,Facebook,Sample post content 238,66.732011,163.641648,2024-10-27T12:51:50.490000
239,Twitter,Sample post content 239,-87.845882,-96.074702,2024-12-31T12:51:50.490009
240,Facebook,Sample post content 240,61.332736,-118.749913,2024-11-13T12:51:50.490018
241,Facebook,Sample post content 241,29.945394,-103.080899,2025-04-13T12:51:50.490028
242,Facebook,Sample post content 242,-17.234496,113.211015,2024-05-18T12:51:50.490038
243,Facebook,Sample post content 243,15.851345,-5.036342,2024-10-29T12:51:50.490047
244,Facebook,Sample post content 244,68.110758,-70.985383,2025-02-04T12:51:50.490056
245,Twitter,Sample post content 245,-70.277206,-83.898768,2024-08-24T12:51:50.490066
246,Facebook,Sample post content 246,81.812259,-163.788608,2024-10-25T12:51:50.490075
247,Instagram,Sample post content 247,19.013328,106.880182,2024-06-14T12:51:50.490084
248,Instagram,Sample post content 248,8.796581,-176.426822,2025-02-27T12:51:50.490094
249,Twitter,Sample post content 249,36.808815,-41.766123,2025-03-24T12:51:50.490103
250,Instagram,Sample post content 250,58.393661,-46.401915,2025-02-02T12:51:50.490112
251,Instagram,Sample post content 251,-1.72642,33.522592,2025-03-20T12:51:50.490122
252,Instagram,Sample post content 252,-34.529962,-19.391033,2024-12-31T12:51:50.490131
253,Facebook,Sample post content 253,-55.25365,24.644456,2024-08-14T12:51:50.490140
254,Twitter,Sample post content 254,-26.348209,-159.111128,2024-09-08T12:51:50.490150
255,Twitter,Sample post content 255,32.11819,42.279682,2025-04-28T12:51:50.490160
256,Twitter,Sample post content 256,-74.82606,-45.096312,2024-07-18T12:51:50.490170
257,Instagram,Sample post content 257,-6.660528,86.918141,2025-02-23T12:51:50.490179
258,Facebook,Sample post content 258,-13.895501,-0.289714,2025-03-13T12:51:50.490189
259,Twitter,Sample post content 259,49.661713,112.75064,2025-03-20T12:51:50.490199
260,Facebook,Sample post content 260,-59.161155,-159.487779,2024-06-09T12:51:50.490208
261,Instagram,Sample post content 261,0.752478,65.66568,2024-06-10T12:51:50.490218
262,Twitter,Sample post content 262,-65.300603,106.462986,2025-04-02T12:51:50.490227
263,Instagram,Sample post content 263,66.294134,-62.12943,2024-05-15T12:51:50.490236
264,Twitter,Sample post content 264,43.748801,-85.06283,2024-05-26T12:51:50.490246
265,Instagram,Sample post content 265,-2.774476,162.844975,2025-03-03T12:51:50.490255
266,Facebook,Sample post content 266,-1.355902,-153.619043,2025-02-18T12:51:50.490264
267,Facebook,Sample post content 267,41.769121,-168.242028,2025-03-17T12:51:50.490274
268,Instagram,Sample post content 268,23.031226,110.671666,2024-08-15T12:51:50.490283
269,Twitter,Sample post content 269,-26.453153,91.285023,2024-05-03T12:51:50.490293
270,Instagram,Sample post content 270,-57.929203,33.988097,2024-12-29T12:51:50.490302
271,Twitter,Sample post content 271,-2.461832,-112.226369,2024-12-23T12:51:50.490312
272,Instagram,Sample post content 272,-85.479449,168.58165,2025-03-06T12:51:50.490321
273,Instagram,Sample post content 273,64.701089,-151.727525,2024-06-10T12:51:50.490330
274,Instagram,Sample post content 274,-7.054221,-147.72964,2024-11-13T12:51:50.490340
275,Instagram,Sample post content 275,54.693651,150.23119,2024-07-31T12:51:50.490356
276,Twitter,Sample post content 276,-82.218991,-158.950668,2025-03-03T12:51:50.490370
277,Instagram,Sample post content 277,18.890505,51.027604,2024-10-10T12:51:50.490380
278,Instagram,Sample post content 278,-70.0,129.403755,2024-11-03T12:51:50.490390
279,Facebook,Sample post content 279,6.207757,48.106181,2024-12-02T12:51:50.490399
280,Instagram,Sample post content 280,-52.872418,170.787918,2025-04-04T12:51:50.490409
281,Instagram,Sample post content 281,-84.962161,-36.412334,2024-06-13T12:51:50.490418
282,Instagram,Sample post content 282,31.937804,141.108971,2024-11-21T12:51:50.490428
283,Facebook,Sample post content 283,9.719474,-179.05515,2024-12-02T12:51:50.490437
284,Twitter,Sample post content 284,41.870085,-66.253169,2024-09-02T12:51:50.490446
285,Instagram,Sample post content 285,2.233159,-72.948017,2025-01-28T12:51:50.490455
286,Instagram,Sample post content 286,-43.960248,-71.930083,2024-07-01T12:51:50.490465
287,Facebook,Sample post content 287,86.184775,153.83702,2024-09-13T12:51:50.490474
288,Facebook,Sample post content 288,-7.457613,-111.96736,2025-04-15T12:51:50.490529
289,Twitter,Sample post content 289,41.1952,150.386619,2025-02-08T12:51:50.490550
290,Twitter,Sample post content 290,-86.544922,36.479188,2024-12-27T12:51:50.490565
291,Twitter,Sample post content 291,0.993099,-151.128166,2024-08-23T12:51:50.490582
292,Twitter,Sample post content 292,75.68056,-129.091269,2024-09-29T12:51:50.490592
293,Facebook,Sample post content 293,-50.935567,163.173216,2025-03-08T12:51:50.490601
294,Instagram,Sample post content 294,77.927133,151.898353,2025-04-24T12:51:50.490611
295,Twitter,Sample post content 295,54.128979,81.404956,2024-08-16T12:51:50.490620
296,Facebook,Sample post content 296,-50.833634,138.500476,2024-10-10T12:51:50.490632
297,Facebook,Sample post content 297,68.947738,-155.761907,2025-01-14T12:51:50.490642
298,Twitter,Sample post content 298,21.424299,-63.780118,2024-09-12T12:51:50.490651
299,Twitter,Sample post content 299,-14.156863,92.028797,2025-02-14T12:51:50.490661
300,Instagram,Sample post content 300,40.981139,-141.787209,2024-09-08T12:51:50.490670
301,Facebook,Sample post content 301,8.727819,-173.66351,2024-05-07T12:51:50.490680
302,Twitter,Sample post content 302,-52.779797,-130.672097,2024-08-18T12:51:50.490689
303,Facebook,Sample post content 303,46.08639,-82.274308,2025-04-23T12:51:50.490699
304,Facebook,Sample post content 304,40.114079,-3.440948,2024-11-13T12:51:50.490708
305,Twitter,Sample post content 305,-25.800092,-29.512768,2024-08-22T12:51:50.490717
306,Twitter,Sample post content 306,31.458325,-63.970374,2025-03-27T12:51:50.490728
307,Facebook,Sample post content 307,-46.986644,-58.125434,2024-05-06T12:51:50.490744
308,Twitter,Sample post content 308,82.898487,-40.133255,2024-07-31T12:51:50.490762
309,Instagram,Sample post content 309,35.92245,-178.249101,2025-04-02T12:51:50.490772
310,Instagram,Sample post content 310,65.851636,-92.411721,2025-02-08T12:51:50.490781
311,Twitter,Sample post content 311,-23.718607,-34.116735,2025-03-28T12:51:50.490790
312,Instagram,Sample post content 312,2.092584,-101.787934,2024-07-02T12:51:50.490800
313,Instagram,Sample post content 313,-70.942042,-45.31603,2024-09-26T12:51:50.490816
314,Twitter,Sample post content 314,82.12087,30.274336,2024-06-03T12:51:50.490836
315,Facebook,Sample post content 315,-15.292107,-143.826989,2024-07-19T12:51:50.490846
316,Twitter,Sample post content 316,-41.468255,46.805394,2024-11-05T12:51:50.490856
317,Facebook,Sample post content 317,-16.797092,129.804125,2024-05-24T12:51:50.490865
318,Instagram,Sample post content 318,39.190872,27.321963,2025-02-05T12:51:50.490874
319,Facebook,Sample post content 319,58.279228,158.42327,2025-03-14T12:51:50.490883
320,Instagram,Sample post content 320,-14.834224,52.99585,2024-05-07T12:51:50.490893
321,Instagram,Sample post content 321,44.523344,48.968784,2025-02-17T12:51:50.490902
322,Facebook,Sample post content 322,38.976712,5.050744,2024-09-28T12:51:50.490912
323,Instagram,Sample post content 323,-18.757525,-109.21168,2025-03-14T12:51:50.490921
324,Facebook,Sample post content 324,11.986608,20.449856,2024-07-01T12:51:50.490930
325,Facebook,Sample post content 325,-89.766033,84.363202,2024-12-03T12:51:50.490940
326,Facebook,Sample post content 326,-49.484771,-17.699064,2025-02-16T12:51:50.490949
327,Twitter,Sample post content 327,57.977779,96.339663,2025-03-27T12:51:50.490958
328,Instagram,Sample post content 328,32.755707,-154.10179,2025-03-02T12:51:50.490968
329,Facebook,Sample post content 329,22.623038,50.166177,2024-10-04T12:51:50.490977
330,Instagram,Sample post content 330,-31.391699,136.094067,2024-11-13T12:51:50.490987
331,Instagram,Sample post content 331,-36.240915,162.534045,2024-10-13T12:51:50.490997
332,Twitter,Sample post content 332,-69.495727,136.844053,2024-05-20T12:51:50.491006
333,Instagram,Sample post content 333,41.85635,6.483146,2024-09-28T12:51:50.491016
334,Instagram,Sample post content 334,-5.880211,88.792377,2025-01-15T12:51:50.491026
335,Instagram,Sample post content 335,64.209824,-104.320171,2025-02-09T12:51:50.491036
336,Instagram,Sample post content 336,13.188319,-33.38223,2024-08-03T12:51:50.491045
337,Instagram,Sample post content 337,82.360323,-138.190044,2025-02-18T12:51:50.491054
338,Twitter,Sample post content 338,75.750482,8.542148,2025-01-12T12:51:50.491064
339,Twitter,Sample post content 339,23.03051,-27.802429,2024-12-26T12:51:50.491073
340,Twitter,Sample post content 340,-18.72266,77.35168,2024-09-01T12:51:50.491082
341,Instagram,Sample post content 341,31.765397,-140.811955,2024-10-21T12:51:50.491092
342,Twitter,Sample post content 342,-49.181178,-39.730532,2024-12-14T12:51:50.491101
343,Facebook,Sample post content 343,79.296463,73.461236,2024-09-19T12:51:50.491110
344,Facebook,Sample post content 344,82.021012,-147.397438,2025-02-23T12:51:50.491119
345,Facebook,Sample post content 345,16.200692,-24.567394,2024-06-11T12:51:50.491128
346,Instagram,Sample post content 346,75.288514,-14.788203,2024-11-07T12:51:50.491138
347,Instagram,Sample post content 347,35.426,-136.24785,2024-06-21T12:51:50.491147
348,Twitter,Sample post content 348,-9.967186,138.400685,2024-12-23T12:51:50.491157
349,Facebook,Sample post content 349,47.973153,70.272329,2024-12-28T12:51:50.491166
350,Twitter,Sample post content 350,-56.236235,-147.142766,2024-07-23T12:51:50.491175
351,Instagram,Sample post content 351,21.421084,-6.57083,2024-06-03T12:51:50.491185
352,Twitter,Sample post content 352,-48.126384,-122.07458,2025-04-07T12:51:50.491194
353,Instagram,Sample post content 353,-46.083845,-62.753682,2024-05-20T12:51:50.491204
354,Instagram,Sample post content 354,-71.57355,43.122912,2024-08-19T12:51:50.491213
355,Instagram,Sample post content 355,28.843425,-48.108063,2024-08-27T12:51:50.491222
356,Twitter,Sample post content 356,-34.503595,-121.088719,2024-10-28T12:51:50.491231
357,Twitter,Sample post content 357,59.523387,-134.80203,2024-12-15T12:51:50.491241
358,Twitter,Sample post content 358,-4.103619,164.131408,2024-11-06T12:51:50.491250
359,Twitter,Sample post content 359,-43.498419,-79.593388,2024-11-14T12:51:50.491259
360,Instagram,Sample post content 360,-20.943324,37.942252,2024-07-25T12:51:50.491268
361,Twitter,Sample post content 361,-72.067817,-17.369507,2024-06-13T12:51:50.491278
362,Twitter,Sample post content 362,-74.82309,-67.867238,2024-10-29T12:51:50.491287
363,Facebook,Sample post content 363,27.005819,165.096493,2024-11-22T12:51:50.491296
364,Facebook,Sample post content 364,-41.380664,-176.576982,2024-05-04T12:51:50.491306
365,Facebook,Sample post content 365,-33.996445,140.843601,2025-01-16T12:51:50.491316
366,Twitter,Sample post content 366,81.40773,-125.401858,2025-03-03T12:51:50.491325
367,Facebook,Sample post content 367,2.906104,-55.439156,2024-07-08T12:51:50.491334
368,Twitter,Sample post content 368,79.660226,14.151027,2024-07-19T12:51:50.491344
369,Instagram,Sample post content 369,10.633324,-57.850555,2024-06-24T12:51:50.491353
370,Instagram,Sample post content 370,86.356009,-34.539117,2024-09-16T12:51:50.491364
371,Facebook,Sample post content 371,-68.310356,-141.151693,2025-03-25T12:51:50.491373
372,Instagram,Sample post content 372,28.089096,175.437532,2024-07-01T12:51:50.491383
373,Twitter,Sample post content 373,21.324556,42.178085,2024-05-02T12:51:50.491392
374,Facebook,Sample post content 374,-85.891672,18.366259,2024-12-18T12:51:50.491401
375,Instagram,Sample post content 375,-66.214095,-33.132936,2024-09-24T12:51:50.491412
376,Facebook,Sample post content 376,-50.24261,-0.500193,2025-03-19T12:51:50.491429
377,Twitter,Sample post content 377,88.16486,68.838951,2025-01-21T12:51:50.491441
378,Twitter,Sample post content 378,58.746934,-152.632231,2025-02-05T12:51:50.491450
379,Instagram,Sample post content 379,4.055982,-159.490383,2025-01-20T12:51:50.491460
380,Twitter,Sample post content 380,-44.259378,88.616053,2025-01-14T12:51:50.491469
381,Facebook,Sample post content 381,55.169901,-110.939076,2024-07-29T12:51:50.491479
382,Twitter,Sample post content 382,3.800166,170.407357,2025-02-25T12:51:50.491488
383,Facebook,Sample post content 383,-74.676451,-66.1189,2025-03-28T12:51:50.491536
384,Twitter,Sample post content 384,53.197641,141.477766,2024-06-13T12:51:50.491546
385,Facebook,Sample post content 385,-9.166755,-38.117555,2025-04-25T12:51:50.491556
386,Twitter,Sample post content 386,16.397208,87.488411,2024-08-30T12:51:50.491565
387,Twitter,Sample post content 387,-46.498472,108.98857,2024-10-17T12:51:50.491574
388,Twitter,Sample post content 388,-47.110281,-88.730808,2024-12-12T12:51:50.491584
389,Instagram,Sample post content 389,79.335496,-19.985875,2024-10-08T12:51:50.491593
390,Instagram,Sample post content 390,34.299894,-128.957692,2024-11-24T12:51:50.491602
391,Facebook,Sample post content 391,64.754833,-60.580704,2024-07-27T12:51:50.491611
392,Instagram,Sample post content 392,-75.803483,-32.597077,2024-12-10T12:51:50.491621
393,Twitter,Sample post content 393,-83.675637,-5.060605,2025-04-28T12:51:50.491637
394,Instagram,Sample post content 394,50.207112,31.802823,2024-11-02T12:51:50.491653
395,Instagram,Sample post content 395,39.221648,170.868213,2025-03-24T12:51:50.491668
396,Instagram,Sample post content 396,72.83316,-114.294446,2024-10-22T12:51:50.491686
397,Twitter,Sample post content 397,-36.707726,130.511259,2024-06-13T12:51:50.491697
398,Instagram,Sample post content 398,-58.660049,130.699784,2024-05-27T12:51:50.491707
399,Facebook,Sample post content 399,64.307772,-4.450448,2025-02-05T12:51:50.491717
400,Instagram,Sample post content 400,-82.379627,69.302051,2024-04-29T12:51:50.491726
401,Instagram,Sample post content 401,4.382172,-171.926172,2025-02-12T12:51:50.491736
402,Facebook,Sample post content 402,14.444546,-134.303991,2024-11-13T12:51:50.491745
403,Instagram,Sample post content 403,59.403617,-63.386734,2024-10-25T12:51:50.491754
404,Twitter,Sample post content 404,55.633292,-167.080006,2025-04-21T12:51:50.491764
405,Facebook,Sample post content 405,-86.366484,165.754314,2024-05-14T12:51:50.491773
406,Twitter,Sample post content 406,-52.254805,30.984508,2024-09-29T12:51:50.491783
407,Facebook,Sample post content 407,-4.46613,-170.835915,2024-08-23T12:51:50.491792
408,Instagram,Sample post content 408,-6.837232,38.239989,2024-07-28T12:51:50.491803
409,Instagram,Sample post content 409,2.164742,-45.775575,2024-07-16T12:51:50.491819
410,Twitter,Sample post content 410,-67.157701,-32.8356,2024-07-02T12:51:50.491846
411,Facebook,Sample post content 411,-64.308378,63.994874,2024-07-11T12:51:50.491856
412,Twitter,Sample post content 412,-78.927246,-7.307434,2024-11-07T12:51:50.491865
413,Facebook,Sample post content 413,-58.407003,4.216406,2024-10-13T12:51:50.491875
414,Facebook,Sample post content 414,14.642265,-135.856637,2024-07-17T12:51:50.491891
415,Twitter,Sample post content 415,-19.846565,-135.728377,2025-02-27T12:51:50.491909
416,Facebook,Sample post content 416,-82.773166,162.022412,2024-05-27T12:51:50.491919
417,Twitter,Sample post content 417,10.735084,46.668709,2024-08-03T12:51:50.491928
418,Instagram,Sample post content 418,15.820555,113.237114,2024-06-18T12:51:50.491938
419,Instagram,Sample post content 419,-17.974766,74.581466,2024-09-25T12:51:50.491947
420,Facebook,Sample post content 420,-40.257296,33.720877,2024-07-10T12:51:50.491957
421,Facebook,Sample post content 421,-54.982238,136.486492,2024-10-12T12:51:50.491966
422,Facebook,Sample post content 422,6.8704,138.81062,2025-02-18T12:51:50.491975
423,Instagram,Sample post content 423,46.887222,-59.838754,2025-03-21T12:51:50.491985
424,Facebook,Sample post content 424,78.019991,6.256214,2025-02-12T12:51:50.491994
425,Instagram,Sample post content 425,-79.95846,171.929948,2025-02-15T12:51:50.492004
426,Facebook,Sample post content 426,-14.623862,-132.01444,2024-11-06T12:51:50.492085
427,Instagram,Sample post content 427,47.958535,-62.764436,2025-02-22T12:51:50.492096
428,Instagram,Sample post content 428,79.684879,-7.92064,2024-06-26T12:51:50.492107
429,Instagram,Sample post content 429,22.620097,-84.106104,2024-06-14T12:51:50.492116
430,Instagram,Sample post content 430,42.727801,-85.187856,2024-05-05T12:51:50.492125
431,Instagram,Sample post content 431,24.550541,-77.273306,2024-04-29T12:51:50.492135
432,Facebook,Sample post content 432,86.456764,79.604546,2024-12-04T12:51:50.492145
433,Facebook,Sample post content 433,57.479502,-12.838662,2024-09-23T12:51:50.492154
434,Facebook,Sample post content 434,68.009396,-74.862366,2025-02-04T12:51:50.492164
435,Facebook,Sample post content 435,3.860721,14.700367,2024-11-21T12:51:50.492173
436,Twitter,Sample post content 436,-51.159597,-70.889048,2024-07-09T12:51:50.492182
437,Instagram,Sample post content 437,41.242919,112.23548,2024-06-12T12:51:50.492192
438,Twitter,Sample post content 438,-73.219384,-40.957943,2025-03-12T12:51:50.492201
439,Instagram,Sample post content 439,7.449207,39.060206,2024-08-21T12:51:50.492211
440,Instagram,Sample post content 440,-36.609297,168.264207,2025-01-18T12:51:50.492220
441,Instagram,Sample post content 441,75.864103,162.319367,2024-05-08T12:51:50.492229
442,Twitter,Sample post content 442,36.912651,-169.935234,2025-02-10T12:51:50.492239
443,Instagram,Sample post content 443,49.010859,80.408067,2025-03-24T12:51:50.492248
444,Instagram,Sample post content 444,8.105257,-85.355613,2024-12-09T12:51:50.492257
445,Instagram,Sample post content 445,-67.512452,-162.116695,2024-05-21T12:51:50.492267
446,Facebook,Sample post content 446,-25.405116,82.575221,2024-05-03T12:51:50.492276
447,Instagram,Sample post content 447,84.062465,154.606537,2024-06-26T12:51:50.492286
448,Instagram,Sample post content 448,41.40759,-136.51528,2025-03-04T12:51:50.492295
449,Twitter,Sample post content 449,61.693923,131.414205,2024-07-04T12:51:50.492305
450,Twitter,Sample post content 450,-71.826732,135.326326,2025-04-21T12:51:50.492315
451,Facebook,Sample post content 451,43.220939,-177.79054,2025-04-23T12:51:50.492324
452,Instagram,Sample post content 452,84.831372,-82.654345,2025-02-14T12:51:50.492333
453,Facebook,Sample post content 453,-6.373641,56.613214,2025-02-22T12:51:50.492343
454,Twitter,Sample post content 454,-7.69748,-57.319033,2025-04-27T12:51:50.492352
455,Twitter,Sample post content 455,-28.700612,87.683385,2024-10-14T12:51:50.492361
456,Facebook,Sample post content 456,-74.985549,27.611301,2025-01-21T12:51:50.492370
457,Twitter,Sample post content 457,73.447514,-139.645104,2025-01-11T12:51:50.492380
458,Facebook,Sample post content 458,-4.777899,-19.834158,2024-07-02T12:51:50.492389
459,Facebook,Sample post content 459,-13.393167,-112.3163,2024-10-18T12:51:50.492399
460,Facebook,Sample post content 460,42.918894,-166.460743,2025-01-27T12:51:50.492408
461,Instagram,Sample post content 461,-31.209623,38.96851,2024-06-14T12:51:50.492418
462,Facebook,Sample post content 462,76.845333,-52.230136,2024-07-09T12:51:50.492428
463,Facebook,Sample post content 463,-72.26721,-169.739542,2024-06-25T12:51:50.492438
464,Instagram,Sample post content 464,87.689455,-86.893793,2025-03-30T12:51:50.492447
465,Facebook,Sample post content 465,67.958259,-122.546575,2024-11-14T12:51:50.492456
466,Instagram,Sample post content 466,17.982904,-113.466694,2024-07-30T12:51:50.492466
467,Instagram,Sample post content 467,-55.906686,-138.567041,2025-02-25T12:51:50.492475
468,Instagram,Sample post content 468,45.739438,-49.020825,2024-11-27T12:51:50.492491
469,Instagram,Sample post content 469,84.510362,-4.71487,2024-09-15T12:51:50.492505
470,Twitter,Sample post content 470,52.762795,-30.10187,2024-11-10T12:51:50.492515
471,Facebook,Sample post content 471,9.385807,-29.734552,2024-12-23T12:51:50.492524
472,Twitter,Sample post content 472,57.020645,72.131539,2025-04-29T12:51:50.492533
473,Instagram,Sample post content 473,-7.58355,-111.45608,2025-02-08T12:51:50.492543
474,Instagram,Sample post content 474,-79.987664,-59.609159,2025-01-20T12:51:50.492552
475,Twitter,Sample post content 475,68.993983,-47.419354,2024-10-11T12:51:50.492561
476,Twitter,Sample post content 476,-39.79978,41.101519,2025-04-22T12:51:50.492571
477,Instagram,Sample post content 477,15.913315,68.934194,2024-07-15T12:51:50.492580
478,Facebook,Sample post content 478,-88.863508,-8.325986,2024-12-06T12:51:50.492669
479,Facebook,Sample post content 479,49.542576,48.501561,2024-08-08T12:51:50.492693
480,Instagram,Sample post content 480,-41.565882,-132.720818,2025-03-08T12:51:50.492704
481,Twitter,Sample post content 481,-83.980162,121.481955,2024-06-19T12:51:50.492715
482,Facebook,Sample post content 482,74.531081,-125.076327,2024-06-27T12:51:50.492725
483,Facebook,Sample post content 483,-56.8417,134.752833,2024-08-16T12:51:50.492736
484,Facebook,Sample post content 484,-34.439774,21.597601,2024-11-18T12:51:50.492746
485,Twitter,Sample post content 485,20.367062,35.19742,2024-08-05T12:51:50.492756
486,Twitter,Sample post content 486,-6.237167,132.327146,2024-11-24T12:51:50.492767
487,Facebook,Sample post content 487,-76.283582,-51.031961,2024-08-09T12:51:50.492777
488,Twitter,Sample post content 488,32.719673,146.025507,2024-09-07T12:51:50.492787
489,Instagram,Sample post content 489,-53.698939,-113.271372,2024-10-03T12:51:50.492796
490,Twitter,Sample post content 490,75.954651,-86.44087,2024-10-20T12:51:50.492806
491,Facebook,Sample post content 491,21.804728,-95.081806,2024-12-14T12:51:50.492817
492,Instagram,Sample post content 492,-44.043763,93.530379,2025-03-31T12:51:50.492827
493,Twitter,Sample post content 493,50.48889,-1.635642,2025-04-14T12:51:50.492837
494,Instagram,Sample post content 494,21.205624,153.48602,2024-10-21T12:51:50.492846
495,Instagram,Sample post content 495,70.04586,137.851583,2024-12-21T12:51:50.492856
496,Twitter,Sample post content 496,72.840955,-71.434621,2024-08-28T12:51:50.492865
497,Twitter,Sample post content 497,14.02224,149.477129,2024-10-10T12:51:50.492874
498,Instagram,Sample post content 498,-25.616647,132.543732,2024-09-25T12:51:50.492883
499,Instagram,Sample post content 499,-56.347298,35.45981,2024-06-10T12:51:50.492900
500,Instagram,Sample post content 500,-37.112215,-31.631862,2024-09-10T12:51:50.492917
501,Twitter,Sample post content 501,-46.658588,175.276972,2025-03-20T12:51:50.492934
502,Instagram,Sample post content 502,41.748893,86.63305,2024-10-10T12:51:50.492953
503,Facebook,Sample post content 503,9.549039,82.886998,2024-05-17T12:51:50.492963
504,Facebook,Sample post content 504,-17.435028,107.460664,2024-09-01T12:51:50.492973
505,Twitter,Sample post content 505,-5.070129,-109.380683,2025-04-16T12:51:50.492982
506,Instagram,Sample post content 506,50.16378,22.40948,2024-08-07T12:51:50.492992
507,Twitter,Sample post content 507,-56.311772,-127.1721,2024-12-21T12:51:50.493001
508,Twitter,Sample post content 508,-83.120607,-134.974724,2024-08-04T12:51:50.493011
509,Twitter,Sample post content 509,52.924725,-43.576704,2024-11-04T12:51:50.493021
510,Twitter,Sample post content 510,44.45552,110.966126,2025-03-10T12:51:50.493031
511,Twitter,Sample post content 511,-28.573265,-68.476284,2024-08-29T12:51:50.493040
512,Twitter,Sample post content 512,21.878498,145.680865,2025-01-07T12:51:50.493050
513,Instagram,Sample post content 513,71.219448,178.508128,2024-11-26T12:51:50.493059
514,Twitter,Sample post content 514,-43.262548,-174.817759,2024-08-27T12:51:50.493068
515,Instagram,Sample post content 515,89.960531,-120.41171,2024-12-27T12:51:50.493078
516,Facebook,Sample post content 516,-82.809344,156.533447,2024-05-23T12:51:50.493087
517,Twitter,Sample post content 517,76.552793,-56.783069,2024-07-15T12:51:50.493096
518,Twitter,Sample post content 518,-56.957001,79.590699,2024-07-01T12:51:50.493106
519,Twitter,Sample post content 519,27.0257,-98.105901,2025-01-05T12:51:50.493116
520,Facebook,Sample post content 520,-1.819245,-105.314606,2024-08-30T12:51:50.493125
521,Instagram,Sample post content 521,-25.772825,-93.201493,2025-04-28T12:51:50.493134
522,Facebook,Sample post content 522,50.195454,109.745826,2024-09-12T12:51:50.493143
523,Facebook,Sample post content 523,-48.684081,-63.654338,2024-12-30T12:51:50.493153
524,Instagram,Sample post content 524,60.086253,-41.230529,2024-07-02T12:51:50.493164
525,Facebook,Sample post content 525,83.156305,-143.117005,2025-03-18T12:51:50.493180
526,Instagram,Sample post content 526,-32.278744,-158.546197,2025-03-09T12:51:50.493197
527,Instagram,Sample post content 527,87.59054,26.977671,2025-04-07T12:51:50.493211
528,Twitter,Sample post content 528,6.729687,142.556407,2024-08-23T12:51:50.493221
529,Twitter,Sample post content 529,-37.393388,150.807747,2025-04-19T12:51:50.493230
530,Twitter,Sample post content 530,6.41723,147.797978,2024-06-26T12:51:50.493241
531,Facebook,Sample post content 531,-52.956017,-82.37269,2024-06-14T12:51:50.493250
532,Facebook,Sample post content 532,-48.695203,-145.502293,2024-10-09T12:51:50.493260
533,Facebook,Sample post content 533,-77.292745,-91.64924,2025-01-16T12:51:50.493269
534,Facebook,Sample post content 534,-81.106697,66.176494,2024-10-24T12:51:50.493279
535,Instagram,Sample post content 535,-56.461903,-57.517795,2024-12-20T12:51:50.493288
536,Facebook,Sample post content 536,40.616993,123.985517,2025-02-24T12:51:50.493297
537,Facebook,Sample post content 537,2.946054,-116.591561,2024-07-25T12:51:50.493307
538,Instagram,Sample post content 538,74.859464,115.898746,2025-03-21T12:51:50.493316
539,Instagram,Sample post content 539,-68.922567,20.690597,2025-02-03T12:51:50.493325
540,Facebook,Sample post content 540,81.42899,-70.741022,2024-06-25T12:51:50.493339
541,Instagram,Sample post content 541,-81.828018,-20.048481,2024-05-08T12:51:50.493355
542,Facebook,Sample post content 542,-87.818668,5.019692,2025-02-03T12:51:50.493369
543,Facebook,Sample post content 543,-28.488317,-140.883871,2024-11-06T12:51:50.493379
544,Instagram,Sample post content 544,-48.624483,-122.818112,2025-02-04T12:51:50.493388
545,Facebook,Sample post content 545,-17.214589,154.98888,2025-02-21T12:51:50.493398
546,Instagram,Sample post content 546,34.310668,-14.721874,2024-07-18T12:51:50.493408
547,Twitter,Sample post content 547,-32.026035,70.53122,2024-07-21T12:51:50.493417
548,Instagram,Sample post content 548,29.97375,-148.639521,2024-11-04T12:51:50.493426
549,Instagram,Sample post content 549,47.359023,157.166397,2024-05-24T12:51:50.493437
550,Instagram,Sample post content 550,25.29902,177.113714,2024-10-09T12:51:50.493453
551,Facebook,Sample post content 551,-40.528708,1.208966,2024-11-27T12:51:50.493470
552,Instagram,Sample post content 552,-57.717625,-76.205283,2024-10-12T12:51:50.493480
553,Facebook,Sample post content 553,75.856935,95.321742,2024-12-03T12:51:50.493489
554,Facebook,Sample post content 554,-0.371975,166.529453,2024-08-27T12:51:50.493499
555,Facebook,Sample post content 555,21.161294,-45.117646,2024-06-02T12:51:50.493509
556,Facebook,Sample post content 556,21.179885,9.10486,2024-05-04T12:51:50.493518
557,Instagram,Sample post content 557,-58.805713,-143.740545,2024-10-07T12:51:50.493528
558,Twitter,Sample post content 558,80.899152,24.170482,2024-06-24T12:51:50.493538
559,Twitter,Sample post content 559,-18.516218,-45.329692,2024-08-02T12:51:50.493547
560,Twitter,Sample post content 560,-8.082167,-76.507284,2024-06-01T12:51:50.493557
561,Instagram,Sample post content 561,-49.801913,101.970098,2024-05-05T12:51:50.493567
562,Instagram,Sample post content 562,-41.073526,177.293453,2024-10-20T12:51:50.493576
563,Facebook,Sample post content 563,-54.55946,154.10888,2024-09-09T12:51:50.493586
564,Facebook,Sample post content 564,-27.847062,-49.323815,2024-10-20T12:51:50.493595
565,Instagram,Sample post content 565,-44.614682,-130.236843,2025-04-22T12:51:50.493605
566,Facebook,Sample post content 566,-13.545425,-54.256235,2025-03-12T12:51:50.493614
567,Facebook,Sample post content 567,-39.848639,-61.318632,2024-12-13T12:51:50.493624
568,Facebook,Sample post content 568,14.973149,45.835661,2024-12-09T12:51:50.493633
569,Facebook,Sample post content 569,-56.859299,76.10651,2024-07-25T12:51:50.493642
570,Instagram,Sample post content 570,0.463515,110.839799,2024-08-21T12:51:50.493652
571,Instagram,Sample post content 571,30.700574,-144.693898,2024-07-19T12:51:50.493662
572,Twitter,Sample post content 572,-32.410585,87.573761,2024-10-02T12:51:50.493671
573,Facebook,Sample post content 573,-66.877288,-10.064309,2024-09-27T12:51:50.493725
574,Facebook,Sample post content 574,-39.547219,-170.762784,2024-07-27T12:51:50.493735
575,Instagram,Sample post content 575,9.385624,-93.493738,2024-10-20T12:51:50.493745
576,Instagram,Sample post content 576,-58.579061,-166.968686,2025-02-02T12:51:50.493754
577,Instagram,Sample post content 577,-38.638712,-145.295759,2025-01-25T12:51:50.493764
578,Facebook,Sample post content 578,28.207848,-79.392564,2024-07-16T12:51:50.493773
579,Facebook,Sample post content 579,-0.605428,50.828415,2024-08-18T12:51:50.493783
580,Instagram,Sample post content 580,76.573696,88.963115,2024-12-05T12:51:50.493792
581,Twitter,Sample post content 581,-33.493878,-129.381536,2024-07-17T12:51:50.493801
582,Instagram,Sample post content 582,-82.61952,-48.324968,2024-05-19T12:51:50.493811
583,Facebook,Sample post content 583,80.92093,40.851653,2024-06-17T12:51:50.493820
584,Twitter,Sample post content 584,66.084691,-23.953162,2024-12-23T12:51:50.493830
585,Instagram,Sample post content 585,49.235363,26.040966,2024-09-19T12:51:50.493839
586,Facebook,Sample post content 586,2.11752,-27.20311,2025-03-27T12:51:50.493848
587,Instagram,Sample post content 587,60.333489,-31.397709,2024-10-04T12:51:50.493857
588,Twitter,Sample post content 588,-27.149053,-14.820311,2024-09-15T12:51:50.493866
589,Instagram,Sample post content 589,-61.225398,-4.407002,2024-06-30T12:51:50.493876
590,Facebook,Sample post content 590,-32.747302,167.672316,2024-10-15T12:51:50.493886
591,Facebook,Sample post content 591,63.925767,-164.576648,2024-09-04T12:51:50.493895
592,Twitter,Sample post content 592,4.916358,170.545737,2024-07-31T12:51:50.493904
593,Instagram,Sample post content 593,18.291336,8.521821,2024-10-14T12:51:50.493914
594,Twitter,Sample post content 594,-2.427816,38.397477,2025-01-08T12:51:50.493923
595,Twitter,Sample post content 595,56.598683,-129.696007,2025-03-25T12:51:50.493932
596,Twitter,Sample post content 596,48.7923,113.288924,2024-09-04T12:51:50.493942
597,Instagram,Sample post content 597,81.855226,18.191409,2025-04-18T12:51:50.493951
598,Instagram,Sample post content 598,-80.546727,-145.44654,2024-11-12T12:51:50.493960
599,Facebook,Sample post content 599,40.312978,149.631236,2024-08-19T12:51:50.493973
600,Twitter,Sample post content 600,-21.566478,118.362002,2024-09-19T12:51:50.493990
601,Twitter,Sample post content 601,37.832112,-112.861323,2025-04-07T12:51:50.494005
602,Facebook,Sample post content 602,16.326151,23.123143,2024-08-21T12:51:50.494015
603,Instagram,Sample post content 603,47.759407,-27.584432,2025-03-14T12:51:50.494024
604,Facebook,Sample post content 604,-9.092032,172.518539,2024-07-04T12:51:50.494033
605,Instagram,Sample post content 605,-7.245368,-143.268758,2024-12-14T12:51:50.494043
606,Instagram,Sample post content 606,32.004047,97.098011,2024-11-17T12:51:50.494052
607,Instagram,Sample post content 607,-65.582792,-18.944569,2024-11-11T12:51:50.494062
608,Twitter,Sample post content 608,-50.371394,96.637948,2024-12-19T12:51:50.494071
609,Instagram,Sample post content 609,-31.950387,-81.939036,2025-03-06T12:51:50.494080
610,Facebook,Sample post content 610,-20.28047,-0.381735,2024-12-23T12:51:50.494090
611,Twitter,Sample post content 611,42.564755,33.983112,2024-12-27T12:51:50.494099
612,Twitter,Sample post content 612,28.775674,-105.932629,2024-10-06T12:51:50.494108
613,Facebook,Sample post content 613,83.618767,83.444176,2025-02-17T12:51:50.494118
614,Twitter,Sample post content 614,22.270349,7.913916,2024-09-30T12:51:50.494127
615,Instagram,Sample post content 615,85.008982,19.563009,2024-11-03T12:51:50.494136
616,Facebook,Sample post content 616,-20.316355,-60.427546,2024-12-12T12:51:50.494149
617,Instagram,Sample post content 617,79.54249,-132.314718,2025-02-27T12:51:50.494159
618,Facebook,Sample post content 618,3.653627,-4.691554,2024-09-15T12:51:50.494168
619,Twitter,Sample post content 619,-32.846128,-157.633939,2024-11-26T12:51:50.494177
620,Instagram,Sample post content 620,-47.644765,71.215407,2024-06-30T12:51:50.494187
621,Twitter,Sample post content 621,70.259711,-123.653673,2024-07-25T12:51:50.494196
622,Instagram,Sample post content 622,3.655307,-70.301333,2024-07-15T12:51:50.494206
623,Instagram,Sample post content 623,-53.646435,172.92847,2024-10-15T12:51:50.494216
624,Facebook,Sample post content 624,-89.779664,-52.129305,2024-06-08T12:51:50.494225
625,Twitter,Sample post content 625,-26.560723,63.306921,2024-04-29T12:51:50.494239
626,Twitter,Sample post content 626,-3.715103,68.715966,2025-03-21T12:51:50.494255
627,Instagram,Sample post content 627,-42.944272,-172.112991,2024-05-05T12:51:50.494285
628,Facebook,Sample post content 628,-85.598912,168.339852,2024-07-15T12:51:50.494295
629,Instagram,Sample post content 629,-70.820476,122.882095,2025-04-01T12:51:50.494305
630,Instagram,Sample post content 630,-1.660743,28.238489,2024-05-31T12:51:50.494315
631,Instagram,Sample post content 631,11.425345,29.31412,2024-05-04T12:51:50.494324
632,Instagram,Sample post content 632,-37.208748,142.499246,2024-06-15T12:51:50.494333
633,Twitter,Sample post content 633,67.319033,-44.04146,2024-09-20T12:51:50.494342
634,Twitter,Sample post content 634,81.392055,151.668719,2024-05-04T12:51:50.494352
635,Twitter,Sample post content 635,27.547937,-79.15575,2024-06-18T12:51:50.494361
636,Facebook,Sample post content 636,-63.402347,-172.826923,2024-09-14T12:51:50.494370
637,Facebook,Sample post content 637,16.400832,-37.096198,2024-10-14T12:51:50.494380
638,Facebook,Sample post content 638,-31.889353,-113.847483,2024-05-29T12:51:50.494389
639,Instagram,Sample post content 639,-68.654052,-121.361598,2024-08-01T12:51:50.494399
640,Instagram,Sample post content 640,17.670685,-135.514645,2025-02-01T12:51:50.494411
641,Instagram,Sample post content 641,12.00835,19.612258,2024-11-14T12:51:50.494428
642,Twitter,Sample post content 642,-54.147999,-151.774159,2024-10-23T12:51:50.494445
643,Twitter,Sample post content 643,-64.606906,-82.76155,2024-07-14T12:51:50.494455
644,Facebook,Sample post content 644,-3.065862,-158.277254,2025-04-04T12:51:50.494464
645,Twitter,Sample post content 645,-62.35322,-127.943603,2024-11-29T12:51:50.494473
646,Instagram,Sample post content 646,-51.312358,143.108301,2025-04-16T12:51:50.494483
647,Facebook,Sample post content 647,10.990779,-29.021685,2024-12-16T12:51:50.494492
648,Facebook,Sample post content 648,-1.03646,85.193535,2024-10-25T12:51:50.494502
649,Twitter,Sample post content 649,-75.437796,-84.06204,2024-11-11T12:51:50.494514
650,Facebook,Sample post content 650,9.0974,-132.789222,2024-10-01T12:51:50.494531
651,Twitter,Sample post content 651,41.455564,-40.327606,2024-06-10T12:51:50.494546
652,Facebook,Sample post content 652,82.818334,-155.610889,2024-12-26T12:51:50.494556
653,Instagram,Sample post content 653,62.633498,-73.722008,2025-01-13T12:51:50.494565
654,Facebook,Sample post content 654,-30.849479,-0.972175,2024-12-20T12:51:50.494575
655,Instagram,Sample post content 655,-18.645795,-143.812296,2024-06-27T12:51:50.494584
656,Facebook,Sample post content 656,-54.048079,2.731415,2025-03-28T12:51:50.494594
657,Twitter,Sample post content 657,0.683116,142.19951,2025-03-26T12:51:50.494604
658,Facebook,Sample post content 658,81.802135,175.377324,2024-07-29T12:51:50.494614
659,Facebook,Sample post content 659,45.925595,58.924703,2025-04-24T12:51:50.494624
660,Facebook,Sample post content 660,-22.077218,176.567269,2024-12-07T12:51:50.494633
661,Facebook,Sample post content 661,82.238437,-7.066845,2024-05-11T12:51:50.494642
662,Instagram,Sample post content 662,-34.318757,97.894072,2024-12-09T12:51:50.494652
663,Instagram,Sample post content 663,-32.152487,55.275606,2024-08-03T12:51:50.494661
664,Facebook,Sample post content 664,51.005673,-127.875852,2024-07-12T12:51:50.494670
665,Twitter,Sample post content 665,-51.899909,-63.739833,2024-12-20T12:51:50.494681
666,Facebook,Sample post content 666,-3.736463,-79.99459,2024-12-26T12:51:50.494691
667,Instagram,Sample post content 667,65.927163,-159.89933,2024-11-25T12:51:50.494700
668,Facebook,Sample post content 668,70.130487,154.032082,2024-06-08T12:51:50.494748
669,Instagram,Sample post content 669,32.421594,-40.259529,2024-10-11T12:51:50.494758
670,Facebook,Sample post content 670,8.548786,-62.78229,2024-08-19T12:51:50.494768
671,Instagram,Sample post content 671,-87.883198,-101.915904,2024-04-30T12:51:50.494777
672,Facebook,Sample post content 672,50.611899,-24.693176,2024-05-30T12:51:50.494786
673,Facebook,Sample post content 673,36.692106,-62.500011,2025-03-12T12:51:50.494795
674,Twitter,Sample post content 674,36.661816,170.731677,2024-08-02T12:51:50.494805
675,Facebook,Sample post content 675,68.742793,-133.557423,2025-02-10T12:51:50.494814
676,Twitter,Sample post content 676,83.963393,-54.509071,2024-07-22T12:51:50.494824
677,Instagram,Sample post content 677,25.949421,87.343088,2024-07-23T12:51:50.494833
678,Instagram,Sample post content 678,12.307457,-162.524215,2024-09-10T12:51:50.494842
679,Facebook,Sample post content 679,-25.441312,-130.326747,2024-07-13T12:51:50.494852
680,Facebook,Sample post content 680,-57.461608,103.36722,2024-12-24T12:51:50.494861
681,Facebook,Sample post content 681,-42.551529,128.46032,2025-04-14T12:51:50.494871
682,Facebook,Sample post content 682,-88.329885,-133.858585,2024-11-16T12:51:50.494880
683,Twitter,Sample post content 683,42.45504,-106.333858,2025-03-05T12:51:50.494889
684,Facebook,Sample post content 684,44.943207,16.820512,2024-07-20T12:51:50.494899
685,Instagram,Sample post content 685,-83.979899,-138.567811,2025-02-09T12:51:50.494908
686,Instagram,Sample post content 686,-44.296996,-34.129321,2025-02-03T12:51:50.494918
687,Twitter,Sample post content 687,89.882828,139.104535,2025-03-21T12:51:50.494928
688,Instagram,Sample post content 688,-12.91601,-71.052372,2024-09-04T12:51:50.494937
689,Twitter,Sample post content 689,64.286202,27.681804,2024-10-16T12:51:50.494947
690,Twitter,Sample post content 690,73.803138,73.670054,2024-11-09T12:51:50.494956
691,Instagram,Sample post content 691,26.371938,24.011936,2025-01-27T12:51:50.494965
692,Instagram,Sample post content 692,16.675139,-169.867979,2024-12-05T12:51:50.494974
693,Facebook,Sample post content 693,42.558746,-144.272171,2024-07-17T12:51:50.494984
694,Facebook,Sample post content 694,30.779427,4.433541,2025-01-24T12:51:50.494993
695,Facebook,Sample post content 695,-14.983319,-125.099749,2024-10-09T12:51:50.495002
696,Instagram,Sample post content 696,9.382062,127.048207,2024-12-04T12:51:50.495012
697,Instagram,Sample post content 697,20.165947,-172.790457,2024-10-16T12:51:50.495021
698,Instagram,Sample post content 698,-67.34894,-139.793447,2024-12-12T12:51:50.495030
699,Twitter,Sample post content 699,-3.361818,111.191222,2025-03-13T12:51:50.495040
700,Facebook,Sample post content 700,-19.696154,-39.531335,2024-09-25T12:51:50.495056
701,Instagram,Sample post content 701,-21.35738,-128.487025,2024-12-30T12:51:50.495073
702,Instagram,Sample post content 702,-71.677046,-4.093195,2025-02-28T12:51:50.495085
703,Instagram,Sample post content 703,6.767374,-172.959801,2025-03-19T12:51:50.495094
704,Twitter,Sample post content 704,-39.797585,-63.698436,2024-08-18T12:51:50.495104
705,Facebook,Sample post content 705,-21.184942,176.984714,2024-08-13T12:51:50.495113
706,Twitter,Sample post content 706,25.23539,90.431565,2024-06-27T12:51:50.495122
707,Twitter,Sample post content 707,-11.043517,-73.210493,2024-07-05T12:51:50.495132
708,Instagram,Sample post content 708,-53.032005,-104.513672,2024-05-30T12:51:50.495142
709,Twitter,Sample post content 709,23.617979,-36.081386,2024-06-29T12:51:50.495151
710,Facebook,Sample post content 710,-31.109595,-102.436955,2024-05-12T12:51:50.495160
711,Twitter,Sample post content 711,5.394783,88.81972,2025-01-24T12:51:50.495170
712,Instagram,Sample post content 712,76.611844,19.710099,2024-06-16T12:51:50.495179
713,Twitter,Sample post content 713,-61.679157,90.701052,2024-06-19T12:51:50.495188
714,Facebook,Sample post content 714,-4.103368,-92.423975,2025-04-16T12:51:50.495197
715,Twitter,Sample post content 715,-14.765839,-100.663962,2024-11-16T12:51:50.495207
716,Instagram,Sample post content 716,73.191019,14.109933,2024-08-08T12:51:50.495216
717,Facebook,Sample post content 717,-71.01144,-75.751428,2024-09-16T12:51:50.495225
718,Facebook,Sample post content 718,-48.144641,96.556246,2024-06-09T12:51:50.495234
719,Instagram,Sample post content 719,30.137658,64.903353,2024-09-11T12:51:50.495244
720,Facebook,Sample post content 720,38.966977,34.408424,2025-02-01T12:51:50.495253
721,Twitter,Sample post content 721,32.226315,-13.574169,2024-12-12T12:51:50.495263
722,Twitter,Sample post content 722,23.22321,36.228673,2024-07-31T12:51:50.495272
723,Facebook,Sample post content 723,-79.095447,52.130242,2024-07-20T12:51:50.495281
724,Facebook,Sample post content 724,78.817773,61.938761,2025-03-10T12:51:50.495290
725,Twitter,Sample post content 725,-65.660354,-125.856907,2024-11-10T12:51:50.495300
726,Twitter,Sample post content 726,-26.196151,107.450188,2024-11-10T12:51:50.495309
727,Instagram,Sample post content 727,-64.440355,135.497653,2024-05-11T12:51:50.495323
728,Instagram,Sample post content 728,-67.157912,-107.981189,2025-02-22T12:51:50.495339
729,Facebook,Sample post content 729,52.113805,-132.292399,2024-11-28T12:51:50.495354
730,Instagram,Sample post content 730,60.685153,-159.621482,2025-04-09T12:51:50.495370
731,Instagram,Sample post content 731,15.633616,34.201479,2024-08-25T12:51:50.495386
732,Facebook,Sample post content 732,-51.968166,-87.713201,2025-04-28T12:51:50.495396
733,Instagram,Sample post content 733,30.469192,-158.936343,2024-06-30T12:51:50.495405
734,Facebook,Sample post content 734,8.123764,-63.322003,2025-03-07T12:51:50.495415
735,Instagram,Sample post content 735,2.681048,63.215654,2025-02-20T12:51:50.495424
736,Facebook,Sample post content 736,-60.91575,146.312417,2024-08-21T12:51:50.495434
737,Instagram,Sample post content 737,-73.891704,-72.715021,2024-11-22T12:51:50.495443
738,Facebook,Sample post content 738,41.786861,-17.524868,2024-09-26T12:51:50.495453
739,Facebook,Sample post content 739,18.969759,20.26865,2025-02-16T12:51:50.495462
740,Instagram,Sample post content 740,29.067129,171.966624,2024-10-07T12:51:50.495471
741,Twitter,Sample post content 741,-9.916549,-84.129983,2024-10-24T12:51:50.495485
742,Twitter,Sample post content 742,10.764525,-160.623096,2024-05-14T12:51:50.495501
743,Twitter,Sample post content 743,-59.846908,-127.653404,2024-08-08T12:51:50.495515
744,Instagram,Sample post content 744,-14.432988,90.757652,2024-10-08T12:51:50.495525
745,Twitter,Sample post content 745,-42.081942,107.378049,2024-07-18T12:51:50.495535
746,Facebook,Sample post content 746,27.292532,-91.757048,2024-07-15T12:51:50.495544
747,Twitter,Sample post content 747,-37.906981,38.81545,2025-02-15T12:51:50.495554
748,Instagram,Sample post content 748,54.712104,-123.605149,2024-06-16T12:51:50.495563
749,Twitter,Sample post content 749,-1.098202,98.793004,2025-04-27T12:51:50.495573
750,Facebook,Sample post content 750,-75.79536,69.947122,2024-10-28T12:51:50.495583
751,Facebook,Sample post content 751,-74.334736,155.119127,2025-02-07T12:51:50.495599
752,Twitter,Sample post content 752,-26.657803,86.777948,2025-01-10T12:51:50.495617
753,Facebook,Sample post content 753,-17.911117,136.895891,2024-10-18T12:51:50.495628
754,Instagram,Sample post content 754,-44.500183,-49.979143,2024-07-16T12:51:50.495638
755,Facebook,Sample post content 755,63.433929,118.406898,2025-01-29T12:51:50.495648
756,Twitter,Sample post content 756,7.182058,113.813274,2025-04-17T12:51:50.495657
757,Facebook,Sample post content 757,0.45789,-114.213732,2024-06-03T12:51:50.495666
758,Twitter,Sample post content 758,12.492064,-123.84939,2025-04-14T12:51:50.495676
759,Twitter,Sample post content 759,-77.737777,107.652151,2024-11-16T12:51:50.495685
760,Twitter,Sample post content 760,45.235677,-2.16686,2024-12-02T12:51:50.495695
761,Twitter,Sample post content 761,-16.771642,-68.121441,2024-06-10T12:51:50.495704
762,Twitter,Sample post content 762,13.309568,40.980063,2025-03-11T12:51:50.495714
763,Facebook,Sample post content 763,-44.612647,79.209141,2024-06-18T12:51:50.495807
764,Instagram,Sample post content 764,-64.100919,119.332258,2025-03-07T12:51:50.495825
765,Facebook,Sample post content 765,-24.26461,-45.327695,2024-10-07T12:51:50.495836
766,Twitter,Sample post content 766,24.18835,-151.810509,2025-03-22T12:51:50.495847
767,Twitter,Sample post content 767,-11.51122,19.172779,2024-05-19T12:51:50.495857
768,Facebook,Sample post content 768,-28.838926,6.342946,2024-06-14T12:51:50.495866
769,Twitter,Sample post content 769,27.965487,82.880824,2025-03-08T12:51:50.495876
770,Twitter,Sample post content 770,83.985378,141.398084,2024-07-13T12:51:50.495885
771,Instagram,Sample post content 771,-60.963245,-7.857214,2024-12-16T12:51:50.495895
772,Twitter,Sample post content 772,8.231316,29.905926,2024-09-24T12:51:50.495904
773,Facebook,Sample post content 773,-11.15746,-49.364624,2024-12-04T12:51:50.495914
774,Instagram,Sample post content 774,-26.224477,76.91497,2025-04-18T12:51:50.495923
775,Instagram,Sample post content 775,43.082107,-90.968272,2025-01-24T12:51:50.495932
776,Facebook,Sample post content 776,3.326141,62.076875,2025-03-29T12:51:50.495942
777,Instagram,Sample post content 777,80.100813,-41.750163,2025-01-01T12:51:50.495951
778,Twitter,Sample post content 778,39.364991,-81.766688,2024-12-31T12:51:50.495960
779,Instagram,Sample post content 779,-85.042369,8.027994,2024-09-05T12:51:50.495970
780,Twitter,Sample post content 780,-35.211394,60.77644,2024-05-04T12:51:50.495981
781,Facebook,Sample post content 781,-46.197016,77.08445,2025-01-10T12:51:50.496000
782,Instagram,Sample post content 782,-1.713468,-119.098115,2025-04-04T12:51:50.496081
783,Twitter,Sample post content 783,-41.999486,-113.914447,2024-12-21T12:51:50.496110
784,Twitter,Sample post content 784,27.015584,150.195703,2024-07-06T12:51:50.496128
785,Facebook,Sample post content 785,-71.88717,32.633025,2024-07-30T12:51:50.496152
786,Twitter,Sample post content 786,-28.253653,65.177965,2024-11-07T12:51:50.496164
787,Facebook,Sample post content 787,69.235272,46.975512,2024-08-18T12:51:50.496174
788,Twitter,Sample post content 788,-46.030484,-115.495882,2024-09-28T12:51:50.496184
789,Twitter,Sample post content 789,23.516953,41.38639,2024-09-13T12:51:50.496203
790,Instagram,Sample post content 790,89.324233,4.631745,2024-12-11T12:51:50.496212
791,Instagram,Sample post content 791,-88.294242,144.588584,2024-05-23T12:51:50.496221
792,Twitter,Sample post content 792,47.88378,-139.095966,2025-02-01T12:51:50.496231
793,Twitter,Sample post content 793,78.522577,-159.773566,2025-04-03T12:51:50.496241
794,Facebook,Sample post content 794,22.872238,-95.85098,2024-09-01T12:51:50.496250
795,Instagram,Sample post content 795,-69.695264,-72.649562,2025-02-28T12:51:50.496260
796,Facebook,Sample post content 796,-67.311532,-106.964293,2025-03-24T12:51:50.496269
797,Facebook,Sample post content 797,74.533877,-65.844235,2024-06-17T12:51:50.496279
798,Instagram,Sample post content 798,-73.046584,-95.941659,2024-11-07T12:51:50.496288
799,Instagram,Sample post content 799,49.159365,140.749578,2024-07-28T12:51:50.496298
800,Twitter,Sample post content 800,-47.881789,-161.044954,2025-02-14T12:51:50.496307
801,Facebook,Sample post content 801,-17.110234,97.212867,2024-11-01T12:51:50.496317
802,Facebook,Sample post content 802,32.961864,-82.642798,2024-07-05T12:51:50.496327
803,Twitter,Sample post content 803,20.044717,4.188353,2024-08-19T12:51:50.496336
804,Instagram,Sample post content 804,88.244118,8.413654,2024-12-04T12:51:50.496346
805,Facebook,Sample post content 805,-59.897315,-104.039671,2024-06-21T12:51:50.496355
806,Twitter,Sample post content 806,-31.873325,110.823789,2025-04-29T12:51:50.496365
807,Instagram,Sample post content 807,-25.878702,89.216482,2025-04-22T12:51:50.496374
808,Facebook,Sample post content 808,53.882648,-131.211885,2025-01-05T12:51:50.496384
809,Instagram,Sample post content 809,32.413642,-55.219642,2024-11-18T12:51:50.496393
810,Facebook,Sample post content 810,74.795218,46.290743,2024-07-17T12:51:50.496403
811,Twitter,Sample post content 811,-85.222399,-140.916804,2025-01-05T12:51:50.496412
812,Twitter,Sample post content 812,-10.395469,172.695489,2025-02-17T12:51:50.496421
813,Twitter,Sample post content 813,28.415472,151.334672,2025-01-11T12:51:50.496431
814,Facebook,Sample post content 814,42.586906,59.439825,2024-12-13T12:51:50.496441
815,Twitter,Sample post content 815,-9.728741,-162.247064,2024-07-22T12:51:50.496456
816,Instagram,Sample post content 816,-40.954065,-54.548097,2025-01-29T12:51:50.496474
817,Instagram,Sample post content 817,37.861093,-158.158225,2024-09-11T12:51:50.496484
818,Facebook,Sample post content 818,18.200246,-42.250748,2024-08-23T12:51:50.496495
819,Facebook,Sample post content 819,0.366226,-31.204362,2024-11-13T12:51:50.496504
820,Instagram,Sample post content 820,31.587742,-159.358864,2024-06-22T12:51:50.496513
821,Facebook,Sample post content 821,-37.972399,-171.295796,2024-10-30T12:51:50.496523
822,Instagram,Sample post content 822,51.481536,-78.216645,2025-02-21T12:51:50.496533
823,Twitter,Sample post content 823,-35.21073,172.023718,2024-08-05T12:51:50.496542
824,Twitter,Sample post content 824,-83.442532,129.030111,2024-07-28T12:51:50.496552
825,Instagram,Sample post content 825,69.441911,-142.563084,2024-05-15T12:51:50.496561
826,Instagram,Sample post content 826,44.948597,-25.086207,2024-10-09T12:51:50.496571
827,Instagram,Sample post content 827,-58.680224,-158.823118,2025-01-19T12:51:50.496580
828,Facebook,Sample post content 828,-59.540926,-15.18308,2025-02-13T12:51:50.496590
829,Facebook,Sample post content 829,20.619788,-179.181069,2025-04-11T12:51:50.496599
830,Instagram,Sample post content 830,83.050959,94.80987,2024-08-16T12:51:50.496609
831,Twitter,Sample post content 831,42.021607,157.899575,2025-02-13T12:51:50.496619
832,Instagram,Sample post content 832,-5.505568,-63.81282,2024-12-27T12:51:50.496628
833,Facebook,Sample post content 833,-21.169684,-113.299534,2025-03-18T12:51:50.496637
834,Instagram,Sample post content 834,-36.317414,140.420673,2024-08-29T12:51:50.496647
835,Facebook,Sample post content 835,-45.078897,-35.05142,2024-10-18T12:51:50.496656
836,Twitter,Sample post content 836,-18.963325,-50.227243,2024-08-11T12:51:50.496665
837,Instagram,Sample post content 837,24.056133,-30.369166,2024-05-12T12:51:50.496674
838,Twitter,Sample post content 838,-48.302067,-119.362615,2024-10-08T12:51:50.496684
839,Facebook,Sample post content 839,-20.268085,-36.209465,2024-09-29T12:51:50.496693
840,Facebook,Sample post content 840,-6.364218,-106.316175,2025-01-22T12:51:50.496703
841,Twitter,Sample post content 841,70.401282,56.731459,2024-07-13T12:51:50.496712
842,Facebook,Sample post content 842,-14.877112,95.427193,2025-01-21T12:51:50.496722
843,Instagram,Sample post content 843,-66.604281,-128.595764,2024-10-31T12:51:50.496731
844,Facebook,Sample post content 844,-79.986465,-55.720914,2025-04-01T12:51:50.496740
845,Instagram,Sample post content 845,-71.188247,-113.075658,2024-05-31T12:51:50.496749
846,Instagram,Sample post content 846,-8.600771,-77.499399,2024-05-14T12:51:50.496763
847,Instagram,Sample post content 847,-7.536665,-116.918183,2025-03-04T12:51:50.496779
848,Instagram,Sample post content 848,66.18438,-51.142907,2024-07-06T12:51:50.496795
849,Facebook,Sample post content 849,89.060607,123.594065,2024-09-18T12:51:50.496809
850,Facebook,Sample post content 850,85.547729,-9.333993,2025-01-04T12:51:50.496819
851,Facebook,Sample post content 851,-45.896694,3.752765,2024-07-08T12:51:50.496828
852,Twitter,Sample post content 852,49.060838,-2.267813,2024-05-21T12:51:50.496838
853,Twitter,Sample post content 853,81.425211,-47.801324,2024-06-05T12:51:50.496854
854,Twitter,Sample post content 854,-56.137842,-70.741686,2024-09-02T12:51:50.496871
855,Instagram,Sample post content 855,77.987714,-174.021196,2025-01-01T12:51:50.496893
856,Twitter,Sample post content 856,71.001702,-153.002643,2025-03-15T12:51:50.496909
857,Twitter,Sample post content 857,-76.872252,170.243735,2024-05-30T12:51:50.496927
858,Twitter,Sample post content 858,4.034773,107.108488,2025-02-01T12:51:50.497012
859,Facebook,Sample post content 859,3.882855,90.773462,2024-11-21T12:51:50.497028
860,Facebook,Sample post content 860,40.041688,-123.94673,2024-07-25T12:51:50.497039
861,Facebook,Sample post content 861,-54.664194,137.357156,2025-04-11T12:51:50.497049
862,Instagram,Sample post content 862,57.615724,175.947863,2025-04-19T12:51:50.497059
863,Facebook,Sample post content 863,-72.291327,100.764043,2024-10-20T12:51:50.497069
864,Instagram,Sample post content 864,26.324936,28.427542,2025-01-27T12:51:50.497078
865,Twitter,Sample post content 865,14.045341,-130.682968,2024-09-30T12:51:50.497088
866,Instagram,Sample post content 866,-83.954096,83.908167,2024-10-04T12:51:50.497097
867,Twitter,Sample post content 867,-75.799074,21.955709,2025-04-14T12:51:50.497107
868,Facebook,Sample post content 868,32.74784,44.897978,2025-01-03T12:51:50.497116
869,Twitter,Sample post content 869,49.234909,165.738521,2024-09-28T12:51:50.497126
870,Twitter,Sample post content 870,9.788494,-168.026224,2025-04-04T12:51:50.497135
871,Instagram,Sample post content 871,38.220097,-163.495827,2025-01-06T12:51:50.497144
872,Twitter,Sample post content 872,-81.661543,-65.134443,2024-12-13T12:51:50.497154
873,Facebook,Sample post content 873,47.05437,-30.863608,2024-08-20T12:51:50.497163
874,Twitter,Sample post content 874,39.27676,138.24904,2024-10-24T12:51:50.497173
875,Instagram,Sample post content 875,-21.991999,-102.295363,2025-03-24T12:51:50.497182
876,Twitter,Sample post content 876,81.183661,-110.847622,2024-07-21T12:51:50.497191
877,Instagram,Sample post content 877,-11.312768,-7.790465,2024-06-17T12:51:50.497201
878,Instagram,Sample post content 878,-24.827591,169.927002,2024-12-14T12:51:50.497210
879,Facebook,Sample post content 879,-64.375821,156.208882,2024-08-18T12:51:50.497226
880,Instagram,Sample post content 880,-42.931154,-99.700592,2024-06-05T12:51:50.497243
881,Facebook,Sample post content 881,86.531862,-89.306102,2024-12-17T12:51:50.497260
882,Facebook,Sample post content 882,39.819314,79.841514,2024-07-11T12:51:50.497271
883,Facebook,Sample post content 883,-75.493259,-131.729207,2025-04-16T12:51:50.497281
884,Facebook,Sample post content 884,88.08594,102.526502,2024-06-01T12:51:50.497291
885,Twitter,Sample post content 885,49.052934,-35.536645,2025-03-11T12:51:50.497300
886,Twitter,Sample post content 886,4.442709,175.631692,2024-05-09T12:51:50.497310
887,Facebook,Sample post content 887,30.981163,-6.172874,2024-10-21T12:51:50.497319
888,Facebook,Sample post content 888,-9.956405,-149.937757,2025-01-20T12:51:50.497329
889,Instagram,Sample post content 889,-8.949876,-67.311839,2025-02-19T12:51:50.497338
890,Instagram,Sample post content 890,37.156212,178.290407,2025-04-24T12:51:50.497348
891,Instagram,Sample post content 891,60.957843,-28.687631,2024-07-04T12:51:50.497357
892,Facebook,Sample post content 892,78.634345,-150.608525,2024-07-07T12:51:50.497366
893,Facebook,Sample post content 893,-4.708664,175.735285,2024-09-24T12:51:50.497376
894,Twitter,Sample post content 894,-77.931625,38.481056,2024-12-28T12:51:50.497385
895,Facebook,Sample post content 895,67.852522,72.473062,2025-04-24T12:51:50.497395
896,Twitter,Sample post content 896,60.739766,-30.479247,2024-12-31T12:51:50.497404
897,Instagram,Sample post content 897,51.060409,-73.924906,2024-06-25T12:51:50.497414
898,Twitter,Sample post content 898,-32.425,-72.494133,2024-09-01T12:51:50.497423
899,Facebook,Sample post content 899,17.134938,-119.037755,2024-12-02T12:51:50.497433
900,Instagram,Sample post content 900,-20.402975,-170.952164,2025-03-22T12:51:50.497442
901,Facebook,Sample post content 901,67.46839,176.755979,2025-01-12T12:51:50.497452
902,Twitter,Sample post content 902,-45.032139,-133.910583,2024-07-15T12:51:50.497462
903,Facebook,Sample post content 903,-73.669497,-136.016929,2024-10-25T12:51:50.497479
904,Facebook,Sample post content 904,84.982911,-47.953559,2024-11-01T12:51:50.497496
905,Twitter,Sample post content 905,34.694313,-104.339934,2024-08-30T12:51:50.497506
906,Twitter,Sample post content 906,-17.311799,145.391302,2024-11-28T12:51:50.497516
907,Instagram,Sample post content 907,-1.629183,-140.270942,2024-07-29T12:51:50.497525
908,Facebook,Sample post content 908,-35.068792,143.380744,2024-07-21T12:51:50.497534
909,Facebook,Sample post content 909,47.915722,75.003285,2025-03-07T12:51:50.497544
910,Twitter,Sample post content 910,10.730376,-11.500931,2025-02-06T12:51:50.497554
911,Instagram,Sample post content 911,-22.917617,126.392341,2025-01-20T12:51:50.497563
912,Facebook,Sample post content 912,10.15687,-159.802597,2024-08-31T12:51:50.497573
913,Facebook,Sample post content 913,31.710495,94.760601,2024-07-08T12:51:50.497582
914,Twitter,Sample post content 914,-62.387701,6.304734,2024-11-04T12:51:50.497591
915,Twitter,Sample post content 915,15.618676,-134.746053,2024-11-26T12:51:50.497601
916,Twitter,Sample post content 916,-55.019043,10.331858,2024-09-15T12:51:50.497610
917,Facebook,Sample post content 917,4.093741,-141.48569,2024-05-05T12:51:50.497620
918,Twitter,Sample post content 918,8.498255,37.072395,2024-06-23T12:51:50.497629
919,Twitter,Sample post content 919,47.812729,-123.704161,2025-01-12T12:51:50.497646
920,Twitter,Sample post content 920,-20.629135,-57.968418,2024-10-07T12:51:50.497667
921,Twitter,Sample post content 921,64.528367,-1.304019,2024-08-29T12:51:50.497677
922,Facebook,Sample post content 922,31.416269,157.336366,2024-05-02T12:51:50.497687
923,Twitter,Sample post content 923,15.230022,120.622942,2024-10-23T12:51:50.497696
924,Facebook,Sample post content 924,-77.307261,-27.398265,2024-07-04T12:51:50.497706
925,Twitter,Sample post content 925,-40.117041,-94.926,2025-02-28T12:51:50.497715
926,Facebook,Sample post content 926,76.76261,-111.341518,2024-11-20T12:51:50.497724
927,Facebook,Sample post content 927,-12.305611,-69.751867,2025-04-25T12:51:50.497740
928,Twitter,Sample post content 928,5.232978,177.276852,2025-02-19T12:51:50.497756
929,Twitter,Sample post content 929,-58.131,-117.621039,2024-08-04T12:51:50.497778
930,Facebook,Sample post content 930,46.264242,-128.199142,2024-10-06T12:51:50.497788
931,Facebook,Sample post content 931,-40.554925,147.062977,2024-09-22T12:51:50.497798
932,Instagram,Sample post content 932,-74.828724,65.040672,2025-04-16T12:51:50.497807
933,Twitter,Sample post content 933,21.772774,-1.746983,2025-03-22T12:51:50.497817
934,Twitter,Sample post content 934,-32.526496,142.518791,2025-01-15T12:51:50.497826
935,Twitter,Sample post content 935,-73.244906,-164.458772,2024-06-07T12:51:50.497835
936,Twitter,Sample post content 936,-17.860398,116.709129,2024-09-20T12:51:50.497845
937,Instagram,Sample post content 937,-72.535061,-6.640797,2024-11-08T12:51:50.497854
938,Instagram,Sample post content 938,-18.349799,-4.060462,2025-02-19T12:51:50.497864
939,Facebook,Sample post content 939,-15.145109,-163.773691,2024-04-30T12:51:50.497873
940,Facebook,Sample post content 940,17.511297,55.98417,2024-11-18T12:51:50.497883
941,Facebook,Sample post content 941,52.383369,-48.935967,2024-10-25T12:51:50.497892
942,Facebook,Sample post content 942,-17.801962,-122.186468,2024-11-18T12:51:50.497901
943,Twitter,Sample post content 943,-50.937522,-107.569103,2024-10-21T12:51:50.497910
944,Twitter,Sample post content 944,-4.101589,61.180196,2025-01-10T12:51:50.497920
945,Twitter,Sample post content 945,77.997269,97.228943,2025-01-16T12:51:50.497929
946,Facebook,Sample post content 946,-37.340687,-47.148122,2025-01-30T12:51:50.497938
947,Instagram,Sample post content 947,9.121399,115.505697,2025-04-20T12:51:50.497947
948,Instagram,Sample post content 948,-84.27089,-162.808393,2024-09-08T12:51:50.497957
949,Twitter,Sample post content 949,73.789745,-4.531207,2024-12-21T12:51:50.497966
950,Facebook,Sample post content 950,-7.491695,100.278243,2024-10-26T12:51:50.497976
951,Instagram,Sample post content 951,-77.083472,-6.381314,2024-06-20T12:51:50.497985
952,Instagram,Sample post content 952,-80.228893,14.815777,2025-01-13T12:51:50.497994
953,Facebook,Sample post content 953,-48.515724,74.779208,2024-10-27T12:51:50.498045
954,Facebook,Sample post content 954,57.392998,-104.57543,2024-07-25T12:51:50.498055
955,Instagram,Sample post content 955,55.444914,-71.833373,2024-11-29T12:51:50.498065
956,Twitter,Sample post content 956,-86.677982,34.387898,2025-04-11T12:51:50.498074
957,Facebook,Sample post content 957,-70.928255,179.740842,2024-11-19T12:51:50.498083
958,Instagram,Sample post content 958,-86.482044,-142.768508,2024-09-22T12:51:50.498092
959,Instagram,Sample post content 959,51.963906,41.30928,2024-11-17T12:51:50.498102
960,Instagram,Sample post content 960,-67.710844,113.600888,2025-01-30T12:51:50.498111
961,Facebook,Sample post content 961,42.988393,28.449253,2025-03-22T12:51:50.498120
962,Instagram,Sample post content 962,-45.892007,27.612015,2025-01-09T12:51:50.498130
963,Instagram,Sample post content 963,-47.369667,3.691819,2025-04-20T12:51:50.498139
964,Twitter,Sample post content 964,-39.295713,-88.143784,2024-07-30T12:51:50.498148
965,Twitter,Sample post content 965,-72.660833,98.570717,2024-08-21T12:51:50.498158
966,Twitter,Sample post content 966,67.693186,-100.809187,2024-09-27T12:51:50.498167
967,Twitter,Sample post content 967,-52.011204,-155.258615,2025-02-28T12:51:50.498176
968,Instagram,Sample post content 968,60.269745,119.816284,2024-12-01T12:51:50.498185
969,Instagram,Sample post content 969,62.03144,101.352793,2025-01-13T12:51:50.498195
970,Twitter,Sample post content 970,34.52946,72.864598,2024-06-14T12:51:50.498205
971,Twitter,Sample post content 971,75.74931,-166.048577,2024-12-25T12:51:50.498214
972,Instagram,Sample post content 972,-18.855446,-59.852028,2025-03-18T12:51:50.498223
973,Twitter,Sample post content 973,3.703712,123.50956,2025-04-14T12:51:50.498233
974,Instagram,Sample post content 974,87.808414,176.720622,2024-08-04T12:51:50.498242
975,Twitter,Sample post content 975,-64.651666,144.177037,2024-11-30T12:51:50.498251
976,Instagram,Sample post content 976,-83.413892,7.696217,2024-08-28T12:51:50.498261
977,Facebook,Sample post content 977,56.765923,85.512303,2024-05-05T12:51:50.498270
978,Twitter,Sample post content 978,42.16348,-63.709864,2025-04-09T12:51:50.498280
979,Facebook,Sample post content 979,-85.395679,-78.132747,2024-12-03T12:51:50.498289
980,Facebook,Sample post content 980,17.314736,-116.840328,2024-06-23T12:51:50.498304
981,Instagram,Sample post content 981,83.202266,-62.436538,2024-07-07T12:51:50.498322
982,Facebook,Sample post content 982,-45.705277,-155.048899,2024-12-17T12:51:50.498334
983,Facebook,Sample post content 983,-80.209607,-165.083877,2024-11-06T12:51:50.498343
984,Instagram,Sample post content 984,14.477977,-163.331854,2025-04-18T12:51:50.498353
985,Twitter,Sample post content 985,65.40065,98.257823,2025-02-26T12:51:50.498362
986,Facebook,Sample post content 986,-38.96398,93.156137,2025-03-13T12:51:50.498371
987,Instagram,Sample post content 987,0.534957,104.509588,2024-07-19T12:51:50.498381
988,Instagram,Sample post content 988,-19.135348,58.423158,2025-04-20T12:51:50.498391
989,Instagram,Sample post content 989,-83.209589,27.841065,2024-11-21T12:51:50.498400
990,Instagram,Sample post content 990,-23.533862,177.227874,2024-12-28T12:51:50.498409
991,Facebook,Sample post content 991,4.797572,-35.648467,2024-08-12T12:51:50.498419
992,Instagram,Sample post content 992,-61.709468,165.85883,2024-05-19T12:51:50.498428
993,Facebook,Sample post content 993,49.356144,28.14312,2025-01-21T12:51:50.498438
994,Twitter,Sample post content 994,-22.644672,61.307815,2025-03-14T12:51:50.498457
995,Facebook,Sample post content 995,-43.632875,151.005777,2025-01-18T12:51:50.498466
996,Facebook,Sample post content 996,76.343683,168.026554,2025-04-06T12:51:50.498476
997,Instagram,Sample post content 997,-85.679185,85.092566,2024-07-06T12:51:50.498485
998,Twitter,Sample post content 998,-79.315088,77.954104,2025-01-12T12:51:50.498495
999,Facebook,Sample post content 999,-51.872091,125.331564,2025-03-07T12:51:50.498504
